noise_multiplier,communication,local_noise,avg_error_reduction,avg_noisy_error,partition_trend,algorithm
1.0,cat,0.001,-0.11095288970288886,0.08333333333333333,increases,dj_indep_10q
1.0,cat,0.005,-195996655783164.84,0.06416666666666665,remains stable,dj_indep_10q
1.0,cat,0.01,-132105589069535.77,0.049999999999999996,increases,dj_indep_10q
1.0,cat,0.015,-0.7745833333333333,0.11083333333333334,decreases,dj_indep_10q
1.0,cat,0.02,-1104883108581563.5,0.033333333333333263,decreases,dj_indep_10q
1.0,teleportation,0.001,-704563141704188.1,0.09777777777777774,decreases,dj_indep_10q
1.0,teleportation,0.005,-0.9151229790161649,0.08444444444444442,decreases,dj_indep_10q
1.0,teleportation,0.01,-1.0747912702161002,0.10944444444444446,increases,dj_indep_10q
1.0,teleportation,0.015,-0.5664271802997285,0.09166666666666666,decreases,dj_indep_10q
1.0,teleportation,0.02,-273234263106782.28,0.09055555555555556,remains stable,dj_indep_10q
1.1,cat,0.001,-0.049026416122004236,0.07083333333333332,increases,dj_indep_10q
1.1,cat,0.005,-1.1585714285714266,0.07333333333333326,decreases,dj_indep_10q
1.1,cat,0.01,-108086391056894.11,0.06833333333333334,decreases,dj_indep_10q
1.1,cat,0.015,-122764789842396.7,0.07249999999999997,decreases,dj_indep_10q
1.1,cat,0.02,-1.1172710622710638,0.12333333333333325,remains stable,dj_indep_10q
1.1,teleportation,0.001,-288230376151711.6,0.09722222222222221,increases,dj_indep_10q
1.1,teleportation,0.005,-0.3790668282334941,0.10166666666666667,decreases,dj_indep_10q
1.1,teleportation,0.01,-0.9423948273948253,0.05999999999999997,increases,dj_indep_10q
1.1,teleportation,0.015,-403630305065018.06,0.0661111111111111,decreases,dj_indep_10q
1.1,teleportation,0.02,-154790387192587.28,0.05888888888888885,increases,dj_indep_10q
1.2,cat,0.001,-0.23528125870231031,0.07916666666666665,remains stable,dj_indep_10q
1.2,cat,0.005,-2.9798941798941976,0.09166666666666666,increases,dj_indep_10q
1.2,cat,0.01,0.14177248677248547,0.07999999999999995,increases,dj_indep_10q
1.2,cat,0.015,-0.5936031746031765,0.05833333333333332,remains stable,dj_indep_10q
1.2,cat,0.02,-0.2222863247863248,0.12166666666666663,decreases,dj_indep_10q
1.2,teleportation,0.001,-701360581969165.8,0.08999999999999997,decreases,dj_indep_10q
1.2,teleportation,0.005,-78729593485884.81,0.06722222222222217,decreases,dj_indep_10q
1.2,teleportation,0.01,-162796786530135.16,0.06333333333333331,decreases,dj_indep_10q
1.2,teleportation,0.015,-288230376151712.06,0.08333333333333331,decreases,dj_indep_10q
1.2,teleportation,0.02,-0.47294040835707546,0.105,decreases,dj_indep_10q
1.0,cat,0.001,0.14380952380952355,0.09499999999999997,increases,dj_indep_2q
1.0,cat,0.005,-2.110897435897431,0.08249999999999998,decreases,dj_indep_2q
1.0,cat,0.01,-0.6322222222222208,0.11500000000000005,decreases,dj_indep_2q
1.0,cat,0.015,-0.3416666666666649,0.042499999999999996,increases,dj_indep_2q
1.0,cat,0.02,0.3178151260504194,0.12499999999999999,decreases,dj_indep_2q
1.0,teleportation,0.001,-0.79111111111111,0.06499999999999997,increases,dj_indep_2q
1.0,teleportation,0.005,-0.8293650793650826,0.07833333333333328,decreases,dj_indep_2q
1.0,teleportation,0.01,-0.08021672771672872,0.10499999999999995,increases,dj_indep_2q
1.0,teleportation,0.015,-0.33292328042327957,0.09999999999999998,decreases,dj_indep_2q
1.0,teleportation,0.02,-2.389267676767673,0.06166666666666665,decreases,dj_indep_2q
1.1,cat,0.001,-0.4133333333333308,0.03999999999999997,increases,dj_indep_2q
1.1,cat,0.005,0.015000000000000388,0.14749999999999996,increases,dj_indep_2q
1.1,cat,0.01,-3.5555555555555487,0.029999999999999975,remains stable,dj_indep_2q
1.1,cat,0.015,-1.8333333333333326,0.055,increases,dj_indep_2q
1.1,cat,0.02,0.7227777777777775,0.14749999999999994,decreases,dj_indep_2q
1.1,teleportation,0.001,-1.0224941724941679,0.06999999999999998,decreases,dj_indep_2q
1.1,teleportation,0.005,-1.321273291925463,0.08,increases,dj_indep_2q
1.1,teleportation,0.01,-0.5117832167832164,0.10833333333333331,decreases,dj_indep_2q
1.1,teleportation,0.015,-2.522603815937148,0.08333333333333331,increases,dj_indep_2q
1.1,teleportation,0.02,-0.49285714285714,0.07833333333333332,increases,dj_indep_2q
1.2,cat,0.001,-0.2854166666666657,0.049999999999999975,increases,dj_indep_2q
1.2,cat,0.005,0.05111111111111025,0.06499999999999997,decreases,dj_indep_2q
1.2,cat,0.01,-1.4133333333333336,0.06999999999999995,decreases,dj_indep_2q
1.2,cat,0.015,-4.721052631578938,0.08249999999999998,increases,dj_indep_2q
1.2,cat,0.02,-0.6561111111111094,0.10749999999999998,increases,dj_indep_2q
1.2,teleportation,0.001,-0.08378205128205093,0.06833333333333336,decreases,dj_indep_2q
1.2,teleportation,0.005,-2.184722222222221,0.048333333333333284,increases,dj_indep_2q
1.2,teleportation,0.01,-912729524480423.0,0.05666666666666666,decreases,dj_indep_2q
1.2,teleportation,0.015,-0.8009150326797347,0.06000000000000002,decreases,dj_indep_2q
1.2,teleportation,0.02,-0.6157431457431459,0.06333333333333332,increases,dj_indep_2q
1.0,cat,0.001,-0.3176825396825393,0.3966666666666667,remains stable,dj_indep_3q
1.0,cat,0.005,0.2247500090510843,0.39666666666666667,increases,dj_indep_3q
1.0,cat,0.01,-0.7392977392977403,0.3755555555555556,remains stable,dj_indep_3q
1.0,cat,0.015,-2.530423917893769,0.3466666666666666,remains stable,dj_indep_3q
1.0,cat,0.02,-0.7688888888888895,0.38000000000000006,decreases,dj_indep_3q
1.0,teleportation,0.001,-0.01414648603396292,0.3788888888888889,increases,dj_indep_3q
1.0,teleportation,0.005,-0.914482463450716,0.37777777777777777,decreases,dj_indep_3q
1.0,teleportation,0.01,-0.5214876648011916,0.34888888888888886,remains stable,dj_indep_3q
1.0,teleportation,0.015,-0.14295023717052355,0.35888888888888887,decreases,dj_indep_3q
1.0,teleportation,0.02,-0.07052168936920655,0.3422222222222222,increases,dj_indep_3q
1.1,cat,0.001,-2.0450674974039478,0.37000000000000005,decreases,dj_indep_3q
1.1,cat,0.005,0.126734780757769,0.37999999999999995,increases,dj_indep_3q
1.1,cat,0.01,-0.4271121846484143,0.3744444444444445,increases,dj_indep_3q
1.1,cat,0.015,-1.0003684055408162,0.3277777777777778,decreases,dj_indep_3q
1.1,cat,0.02,-872697527792683.4,0.33,remains stable,dj_indep_3q
1.1,teleportation,0.001,-2.343027097053318,0.3588888888888888,decreases,dj_indep_3q
1.1,teleportation,0.005,-3.211228989128482,0.3855555555555555,remains stable,dj_indep_3q
1.1,teleportation,0.01,-21350398233460.086,0.3755555555555556,remains stable,dj_indep_3q
1.1,teleportation,0.015,-0.1344459316293566,0.36111111111111116,decreases,dj_indep_3q
1.1,teleportation,0.02,-952761521168157.9,0.3466666666666667,decreases,dj_indep_3q
1.2,cat,0.001,-1.209259259259259,0.38666666666666666,remains stable,dj_indep_3q
1.2,cat,0.005,-0.9013692480359138,0.34555555555555556,decreases,dj_indep_3q
1.2,cat,0.01,-0.11179075983199656,0.38000000000000006,increases,dj_indep_3q
1.2,cat,0.015,-0.3368462041495745,0.35666666666666663,decreases,dj_indep_3q
1.2,cat,0.02,-3.6847993827160495,0.35999999999999993,decreases,dj_indep_3q
1.2,teleportation,0.001,-0.01390011935792941,0.3866666666666667,decreases,dj_indep_3q
1.2,teleportation,0.005,-496396758927948.06,0.36777777777777776,decreases,dj_indep_3q
1.2,teleportation,0.01,-2.0788050833614706,0.35000000000000003,decreases,dj_indep_3q
1.2,teleportation,0.015,0.25369444251824186,0.36666666666666664,increases,dj_indep_3q
1.2,teleportation,0.02,0.11948660433809004,0.34888888888888886,increases,dj_indep_3q
1.0,cat,0.001,-441953243432625.1,0.07266666666666664,decreases,dj_indep_5q
1.0,cat,0.005,0.22722377840025043,0.128,decreases,dj_indep_5q
1.0,cat,0.01,-0.8649278499278497,0.059999999999999984,decreases,dj_indep_5q
1.0,cat,0.015,-0.9512560386473426,0.08199999999999995,increases,dj_indep_5q
1.0,cat,0.02,-0.1749153439153442,0.061999999999999965,increases,dj_indep_5q
1.0,teleportation,0.001,-186913031807474.1,0.08266666666666667,decreases,dj_indep_5q
1.0,teleportation,0.005,-171460121197943.94,0.05666666666666662,decreases,dj_indep_5q
1.0,teleportation,0.01,-1306644371887761.2,0.09066666666666665,decreases,dj_indep_5q
1.0,teleportation,0.015,-1.6817019146430874,0.08533333333333332,decreases,dj_indep_5q
1.0,teleportation,0.02,-2.014957671957668,0.08933333333333329,increases,dj_indep_5q
1.1,cat,0.001,-0.006679365079365103,0.10799999999999996,increases,dj_indep_5q
1.1,cat,0.005,-2.621407407407407,0.055333333333333304,decreases,dj_indep_5q
1.1,cat,0.01,-0.5786955266955276,0.11266666666666665,decreases,dj_indep_5q
1.1,cat,0.015,-2.387619047619039,0.04599999999999999,decreases,dj_indep_5q
1.1,cat,0.02,0.045130647130647364,0.06399999999999999,increases,dj_indep_5q
1.1,teleportation,0.001,-189408532899697.3,0.09799999999999998,decreases,dj_indep_5q
1.1,teleportation,0.005,-106751991167300.39,0.11133333333333333,decreases,dj_indep_5q
1.1,teleportation,0.01,-59781115053690.77,0.06399999999999999,decreases,dj_indep_5q
1.1,teleportation,0.015,-1.2495637593687126,0.07333333333333332,decreases,dj_indep_5q
1.1,teleportation,0.02,-240746269311336.34,0.04799999999999999,decreases,dj_indep_5q
1.2,cat,0.001,-3.621333333333341,0.06866666666666665,decreases,dj_indep_5q
1.2,cat,0.005,-1.3976666666666655,0.07399999999999998,decreases,dj_indep_5q
1.2,cat,0.01,-182545904896085.78,0.07066666666666663,decreases,dj_indep_5q
1.2,cat,0.015,-0.11999206349206344,0.10999999999999992,decreases,dj_indep_5q
1.2,cat,0.02,-2.9678571428571443,0.052666666666666605,decreases,dj_indep_5q
1.2,teleportation,0.001,-653322185943882.2,0.08066666666666664,decreases,dj_indep_5q
1.2,teleportation,0.005,-0.17642712842712854,0.08066666666666664,increases,dj_indep_5q
1.2,teleportation,0.01,-303175654915135.4,0.10466666666666664,remains stable,dj_indep_5q
1.2,teleportation,0.015,-65881228834677.02,0.08799999999999997,decreases,dj_indep_5q
1.2,teleportation,0.02,-123832309754069.38,0.08933333333333332,decreases,dj_indep_5q
1.0,cat,0.001,-1.1545173462015559,0.09777777777777776,remains stable,dj_indep_9q
1.0,cat,0.005,-0.12721984805318015,0.07388888888888887,increases,dj_indep_9q
1.0,cat,0.01,-1.7835295414462093,0.055555555555555546,decreases,dj_indep_9q
1.0,cat,0.015,-45750853357415.34,0.05000000000000002,remains stable,dj_indep_9q
1.0,cat,0.02,-619161548770345.5,0.07388888888888889,increases,dj_indep_9q
1.0,teleportation,0.001,-2.63809924643258,0.06666666666666664,decreases,dj_indep_9q
1.0,teleportation,0.005,-70456314170419.8,0.07499999999999997,increases,dj_indep_9q
1.0,teleportation,0.01,-1.0720861007470905,0.08888888888888886,decreases,dj_indep_9q
1.0,teleportation,0.015,-32025597350192.074,0.07277777777777775,increases,dj_indep_9q
1.0,teleportation,0.02,-1.1251837822671151,0.05666666666666665,increases,dj_indep_9q
1.1,cat,0.001,-1.4439525289525257,0.11444444444444442,decreases,dj_indep_9q
1.1,cat,0.005,-0.0020763804097133007,0.10333333333333333,decreases,dj_indep_9q
1.1,cat,0.01,-1.1174250440917082,0.06388888888888888,decreases,dj_indep_9q
1.1,cat,0.015,-0.01593472281878115,0.10499999999999998,remains stable,dj_indep_9q
1.1,cat,0.02,-1.364876142376139,0.05555555555555553,increases,dj_indep_9q
1.1,teleportation,0.001,-804643133423530.1,0.06722222222222221,decreases,dj_indep_9q
1.1,teleportation,0.005,-4803839602529.364,0.09499999999999997,decreases,dj_indep_9q
1.1,teleportation,0.01,-1.4874470899470864,0.06499999999999999,decreases,dj_indep_9q
1.1,teleportation,0.015,-157459186971769.47,0.08555555555555555,increases,dj_indep_9q
1.1,teleportation,0.02,-4003199668774.2153,0.07611111111111107,decreases,dj_indep_9q
1.2,cat,0.001,-0.7819759186063524,0.08722222222222221,decreases,dj_indep_9q
1.2,cat,0.005,-3.1592143695084824,0.06277777777777777,increases,dj_indep_9q
1.2,cat,0.01,-2.8833277216610553,0.04166666666666664,increases,dj_indep_9q
1.2,cat,0.015,0.04495044429254882,0.08888888888888886,remains stable,dj_indep_9q
1.2,cat,0.02,-0.8714258580925218,0.07777777777777775,increases,dj_indep_9q
1.2,teleportation,0.001,-4.043752405002404,0.06388888888888884,decreases,dj_indep_9q
1.2,teleportation,0.005,-1.2999255682589046,0.0994444444444444,decreases,dj_indep_9q
1.2,teleportation,0.01,-0.554593687377485,0.0861111111111111,increases,dj_indep_9q
1.2,teleportation,0.015,-94075192216184.88,0.06888888888888886,increases,dj_indep_9q
1.2,teleportation,0.02,-2.401812039630664,0.07722222222222219,increases,dj_indep_9q
1.0,cat,0.001,-0.3921555288782168,0.22833333333333328,remains stable,dj_indep_8q
1.0,cat,0.005,-0.01283587509077815,0.23888888888888882,increases,dj_indep_8q
1.0,cat,0.01,-0.7445054713804699,0.21388888888888882,remains stable,dj_indep_8q
1.0,cat,0.015,-0.5557071953022584,0.2544444444444444,decreases,dj_indep_8q
1.0,cat,0.02,-0.7804497354497345,0.19277777777777774,remains stable,dj_indep_8q
1.0,teleportation,0.001,-13101380734169.049,0.2222222222222222,decreases,dj_indep_8q
1.0,teleportation,0.005,-228182381120106.28,0.19999999999999996,increases,dj_indep_8q
1.0,teleportation,0.01,-0.4376040037981623,0.21666666666666667,increases,dj_indep_8q
1.0,teleportation,0.015,-1.1393222984889655,0.17999999999999997,increases,dj_indep_8q
1.0,teleportation,0.02,-2.010839191087091,0.18666666666666665,decreases,dj_indep_8q
1.1,cat,0.001,-1.0049577307224367,0.22222222222222224,decreases,dj_indep_8q
1.1,cat,0.005,-1.4381968494468504,0.19777777777777775,decreases,dj_indep_8q
1.1,cat,0.01,0.15038721229813148,0.21666666666666665,increases,dj_indep_8q
1.1,cat,0.015,-1.3297005258411247,0.20999999999999996,increases,dj_indep_8q
1.1,cat,0.02,-1.3778093108588507,0.20999999999999996,decreases,dj_indep_8q
1.1,teleportation,0.001,-0.3359391489633425,0.22611111111111112,increases,dj_indep_8q
1.1,teleportation,0.005,-0.271623590785091,0.2255555555555555,remains stable,dj_indep_8q
1.1,teleportation,0.01,-518814677073081.8,0.22333333333333327,increases,dj_indep_8q
1.1,teleportation,0.015,-341606371735364.2,0.1888888888888889,increases,dj_indep_8q
1.1,teleportation,0.02,-40031996687738.37,0.2061111111111111,increases,dj_indep_8q
1.2,cat,0.001,-0.9247049441786267,0.22999999999999998,decreases,dj_indep_8q
1.2,cat,0.005,0.004218921892188458,0.2527777777777777,remains stable,dj_indep_8q
1.2,cat,0.01,-1.2278703538977556,0.18388888888888885,increases,dj_indep_8q
1.2,cat,0.015,-832665531104946.6,0.20333333333333328,decreases,dj_indep_8q
1.2,cat,0.02,-1777420652935560.2,0.19666666666666663,decreases,dj_indep_8q
1.2,teleportation,0.001,-1.158315611199219,0.226111111111111,decreases,dj_indep_8q
1.2,teleportation,0.005,-24908797939038.105,0.2155555555555555,decreases,dj_indep_8q
1.2,teleportation,0.01,-0.38787666037665997,0.21888888888888883,increases,dj_indep_8q
1.2,teleportation,0.015,-118494710195705.0,0.1794444444444444,decreases,dj_indep_8q
1.2,teleportation,0.02,-86926621379087.62,0.20333333333333328,increases,dj_indep_8q
1.0,cat,0.001,-2.006372053872052,0.2641666666666666,decreases,dj_indep_4q
1.0,cat,0.005,-1.867016276207442,0.295,decreases,dj_indep_4q
1.0,cat,0.01,-0.22699211502782968,0.3375,increases,dj_indep_4q
1.0,cat,0.015,-0.17542984792984712,0.2816666666666667,remains stable,dj_indep_4q
1.0,cat,0.02,-1044835113549955.8,0.26416666666666666,decreases,dj_indep_4q
1.0,teleportation,0.001,-0.08277585645469313,0.3275,decreases,dj_indep_4q
1.0,teleportation,0.005,-0.24212468780367535,0.30416666666666664,decreases,dj_indep_4q
1.0,teleportation,0.01,-40532396646334.81,0.28083333333333327,decreases,dj_indep_4q
1.0,teleportation,0.015,-0.8435010269680551,0.2875,remains stable,dj_indep_4q
1.0,teleportation,0.02,-330263972673836.5,0.2791666666666666,decreases,dj_indep_4q
1.1,cat,0.001,-3.3163888888888824,0.31083333333333335,increases,dj_indep_4q
1.1,cat,0.005,-576460752303423.2,0.27333333333333326,decreases,dj_indep_4q
1.1,cat,0.01,-216172782113784.53,0.2975,decreases,dj_indep_4q
1.1,cat,0.015,-0.2523703703703693,0.3091666666666667,decreases,dj_indep_4q
1.1,cat,0.02,-314433137620049.44,0.27416666666666667,decreases,dj_indep_4q
1.1,teleportation,0.001,-202828783217871.53,0.2983333333333333,decreases,dj_indep_4q
1.1,teleportation,0.005,-389771853464418.2,0.2733333333333333,increases,dj_indep_4q
1.1,teleportation,0.01,-1080863910568917.8,0.2958333333333333,decreases,dj_indep_4q
1.1,teleportation,0.015,-0.41042638969905404,0.29,decreases,dj_indep_4q
1.1,teleportation,0.02,-1.4048662352367893,0.29333333333333333,decreases,dj_indep_4q
1.2,cat,0.001,0.22633207070707062,0.33166666666666655,increases,dj_indep_4q
1.2,cat,0.005,-1.6830186480186429,0.2975,decreases,dj_indep_4q
1.2,cat,0.01,0.29742535903250245,0.3,increases,dj_indep_4q
1.2,cat,0.015,-1.7023125746158487,0.3225,remains stable,dj_indep_4q
1.2,cat,0.02,-0.4828541512687839,0.2725000000000001,decreases,dj_indep_4q
1.2,teleportation,0.001,-0.04091541832350602,0.2875,decreases,dj_indep_4q
1.2,teleportation,0.005,-0.577414005827006,0.2958333333333333,decreases,dj_indep_4q
1.2,teleportation,0.01,-1.1278932254663243,0.29000000000000004,decreases,dj_indep_4q
1.2,teleportation,0.015,-0.40287528219708746,0.2866666666666667,remains stable,dj_indep_4q
1.2,teleportation,0.02,-68626280036122.59,0.29499999999999993,decreases,dj_indep_4q
1.0,cat,0.001,-0.3745833915188743,0.22999999999999998,decreases,dj_indep_7q
1.0,cat,0.005,-0.000995752899777741,0.2688888888888888,increases,dj_indep_7q
1.0,cat,0.01,-144115188075856.84,0.2083333333333333,decreases,dj_indep_7q
1.0,cat,0.015,-312249574164357.0,0.19499999999999998,decreases,dj_indep_7q
1.0,cat,0.02,-2.876237901664726,0.18499999999999997,decreases,dj_indep_7q
1.0,teleportation,0.001,-128102389400761.67,0.21888888888888888,increases,dj_indep_7q
1.0,teleportation,0.005,-0.26504333696484256,0.21055555555555552,decreases,dj_indep_7q
1.0,teleportation,0.01,-20379925586485.176,0.21888888888888883,decreases,dj_indep_7q
1.0,teleportation,0.015,-326661092971941.0,0.20166666666666666,decreases,dj_indep_7q
1.0,teleportation,0.02,-0.9181679462903092,0.19388888888888886,decreases,dj_indep_7q
1.1,cat,0.001,-0.4057519452225335,0.23555555555555552,remains stable,dj_indep_7q
1.1,cat,0.005,-4957562469809441.0,0.19888888888888887,decreases,dj_indep_7q
1.1,cat,0.01,-2.0720559334845072,0.20611111111111105,increases,dj_indep_7q
1.1,cat,0.015,-2.075399700342229,0.2427777777777778,decreases,dj_indep_7q
1.1,cat,0.02,-352281570852092.2,0.19833333333333328,increases,dj_indep_7q
1.1,teleportation,0.001,-53375995583651.94,0.23833333333333329,decreases,dj_indep_7q
1.1,teleportation,0.005,-620495948659935.6,0.22722222222222213,decreases,dj_indep_7q
1.1,teleportation,0.01,-1.0017241970792907,0.20777777777777776,increases,dj_indep_7q
1.1,teleportation,0.015,-196156783769915.78,0.1844444444444444,increases,dj_indep_7q
1.1,teleportation,0.02,-192153584101142.03,0.1911111111111111,increases,dj_indep_7q
1.2,cat,0.001,-0.12499866037749056,0.25722222222222224,increases,dj_indep_7q
1.2,cat,0.005,-12009599006321.5,0.2155555555555555,decreases,dj_indep_7q
1.2,cat,0.01,-320255973501902.4,0.265,decreases,dj_indep_7q
1.2,cat,0.015,-0.8557846628679955,0.18888888888888888,decreases,dj_indep_7q
1.2,cat,0.02,0.16195952195952296,0.21166666666666664,decreases,dj_indep_7q
1.2,teleportation,0.001,-0.6610407101465454,0.2472222222222222,decreases,dj_indep_7q
1.2,teleportation,0.005,-56044795362834.06,0.22555555555555554,decreases,dj_indep_7q
1.2,teleportation,0.01,-6084863496536133.0,0.2105555555555555,decreases,dj_indep_7q
1.2,teleportation,0.015,-1.3222725051239148,0.21555555555555558,remains stable,dj_indep_7q
1.2,teleportation,0.02,-29199809348703.188,0.18666666666666665,decreases,dj_indep_7q
1.0,cat,0.001,-16012798675096.209,0.0505555555555555,increases,dj_indep_6q
1.0,cat,0.005,-2.1464814814814774,0.05888888888888888,increases,dj_indep_6q
1.0,cat,0.01,-1.6953968253968252,0.062222222222222186,decreases,dj_indep_6q
1.0,cat,0.015,-0.4976264784598114,0.07888888888888886,decreases,dj_indep_6q
1.0,cat,0.02,-0.659054945054945,0.0622222222222222,remains stable,dj_indep_6q
1.0,teleportation,0.001,-0.9098131853385475,0.07222222222222219,decreases,dj_indep_6q
1.0,teleportation,0.005,-804643133423528.9,0.08499999999999998,decreases,dj_indep_6q
1.0,teleportation,0.01,-0.6106626906136705,0.08833333333333332,increases,dj_indep_6q
1.0,teleportation,0.015,-120095990063214.83,0.05666666666666664,increases,dj_indep_6q
1.0,teleportation,0.02,-0.7422543181315108,0.06833333333333332,decreases,dj_indep_6q
1.1,cat,0.001,-0.32974107591754565,0.07888888888888887,decreases,dj_indep_6q
1.1,cat,0.005,-1.5206219053277932,0.08388888888888886,decreases,dj_indep_6q
1.1,cat,0.01,-0.7506349206349219,0.10111111111111108,decreases,dj_indep_6q
1.1,cat,0.015,-0.7757070090403415,0.05944444444444443,decreases,dj_indep_6q
1.1,cat,0.02,-0.3636249467858665,0.13666666666666663,increases,dj_indep_6q
1.1,teleportation,0.001,0.038345075403899025,0.08499999999999996,decreases,dj_indep_6q
1.1,teleportation,0.005,-2.4507651607651604,0.05333333333333331,increases,dj_indep_6q
1.1,teleportation,0.01,-40031996687740.05,0.05999999999999997,decreases,dj_indep_6q
1.1,teleportation,0.015,-184147184763594.4,0.0772222222222222,decreases,dj_indep_6q
1.1,teleportation,0.02,-1.0757351290684616,0.07722222222222218,remains stable,dj_indep_6q
1.2,cat,0.001,-2.431931983743579,0.051111111111111086,increases,dj_indep_6q
1.2,cat,0.005,-260207978470296.75,0.060555555555555536,decreases,dj_indep_6q
1.2,cat,0.01,-1.5230812324930054,0.06388888888888884,increases,dj_indep_6q
1.2,cat,0.015,-1.0980376868096169,0.06111111111111109,decreases,dj_indep_6q
1.2,cat,0.02,0.28205298639206683,0.10944444444444441,decreases,dj_indep_6q
1.2,teleportation,0.001,-44835836290267.305,0.0822222222222222,increases,dj_indep_6q
1.2,teleportation,0.005,-2530022190665025.5,0.08611111111111107,increases,dj_indep_6q
1.2,teleportation,0.01,-0.8021238637905275,0.08388888888888886,decreases,dj_indep_6q
1.2,teleportation,0.015,-0.7966379916379888,0.0722222222222222,decreases,dj_indep_6q
1.2,teleportation,0.02,-180143985094820.25,0.07499999999999997,increases,dj_indep_6q
1.0,cat,0.001,-3.1567239858906486,0.06888888888888887,increases,ghz_indep_9q
1.0,cat,0.005,-0.7307318045063148,0.14055555555555554,remains stable,ghz_indep_9q
1.0,cat,0.01,-1.510432098765431,0.09666666666666664,decreases,ghz_indep_9q
1.0,cat,0.015,-1.615274406058717,0.08055555555555553,increases,ghz_indep_9q
1.0,cat,0.02,-0.9456759259259259,0.07277777777777773,increases,ghz_indep_9q
1.0,teleportation,0.001,-0.670958448309325,0.10388888888888888,increases,ghz_indep_9q
1.0,teleportation,0.005,-862689528620750.1,0.054999999999999986,increases,ghz_indep_9q
1.0,teleportation,0.01,-0.9778162286057009,0.07999999999999997,remains stable,ghz_indep_9q
1.0,teleportation,0.015,-64051194700381.88,0.054444444444444434,decreases,ghz_indep_9q
1.0,teleportation,0.02,-32025597350191.09,0.05666666666666665,decreases,ghz_indep_9q
1.1,cat,0.001,-0.9490202208829636,0.07111111111111108,increases,ghz_indep_9q
1.1,cat,0.005,-448358362902663.75,0.0733333333333333,decreases,ghz_indep_9q
1.1,cat,0.01,-0.677803155450214,0.06444444444444443,increases,ghz_indep_9q
1.1,cat,0.015,-1614090106449585.0,0.05777777777777774,remains stable,ghz_indep_9q
1.1,cat,0.02,-125190971459835.69,0.04277777777777775,decreases,ghz_indep_9q
1.1,teleportation,0.001,-2526819630930002.5,0.05305555555555555,decreases,ghz_indep_9q
1.1,teleportation,0.005,-0.6091427951907374,0.12388888888888887,increases,ghz_indep_9q
1.1,teleportation,0.01,-0.7905250062544944,0.08833333333333332,remains stable,ghz_indep_9q
1.1,teleportation,0.015,-33804797202979.105,0.08333333333333329,decreases,ghz_indep_9q
1.1,teleportation,0.02,-0.9071031746031745,0.06666666666666665,decreases,ghz_indep_9q
1.2,cat,0.001,-112089590725666.25,0.0994444444444444,decreases,ghz_indep_9q
1.2,cat,0.005,-1.4068358185024936,0.09277777777777774,increases,ghz_indep_9q
1.2,cat,0.01,-4.293183020683021,0.04944444444444443,increases,ghz_indep_9q
1.2,cat,0.015,-0.7934690893901423,0.07888888888888886,increases,ghz_indep_9q
1.2,cat,0.02,-0.7221031746031743,0.07222222222222219,decreases,ghz_indep_9q
1.2,teleportation,0.001,-2.4242560103963653,0.0622222222222222,increases,ghz_indep_9q
1.2,teleportation,0.005,-310611901572583.94,0.09333333333333334,decreases,ghz_indep_9q
1.2,teleportation,0.01,-1.9884340196840185,0.08249999999999998,remains stable,ghz_indep_9q
1.2,teleportation,0.015,-146402730743727.9,0.06222222222222221,decreases,ghz_indep_9q
1.2,teleportation,0.02,-141693084074581.06,0.08833333333333332,decreases,ghz_indep_9q
1.0,cat,0.001,-1.0834074074074067,0.05599999999999994,increases,ghz_indep_5q
1.0,cat,0.005,-0.504753246753246,0.10999999999999996,decreases,ghz_indep_5q
1.0,cat,0.01,0.19488298368298398,0.11733333333333329,increases,ghz_indep_5q
1.0,cat,0.015,-0.8672678571428566,0.08399999999999995,remains stable,ghz_indep_5q
1.0,cat,0.02,-0.47397727272727164,0.07733333333333334,remains stable,ghz_indep_5q
1.0,teleportation,0.001,-1.0318087598675858,0.07766666666666663,decreases,ghz_indep_5q
1.0,teleportation,0.005,0.11949184149184211,0.07933333333333328,remains stable,ghz_indep_5q
1.0,teleportation,0.01,-1.5196584795321615,0.06633333333333329,decreases,ghz_indep_5q
1.0,teleportation,0.015,-0.6001227661227662,0.09733333333333329,decreases,ghz_indep_5q
1.0,teleportation,0.02,-67253754435400.7,0.06966666666666665,remains stable,ghz_indep_5q
1.1,cat,0.001,-3.7871306471306396,0.03666666666666663,decreases,ghz_indep_5q
1.1,cat,0.005,-262609898271560.5,0.1273333333333333,increases,ghz_indep_5q
1.1,cat,0.01,-0.2783333333333319,0.07133333333333329,remains stable,ghz_indep_5q
1.1,cat,0.015,-1.1058265107212457,0.06133333333333331,decreases,ghz_indep_5q
1.1,cat,0.02,-0.9800793650793705,0.08066666666666664,increases,ghz_indep_5q
1.1,teleportation,0.001,-201761263306198.2,0.0853333333333333,decreases,ghz_indep_5q
1.1,teleportation,0.005,-1.0824999999999967,0.046666666666666634,decreases,ghz_indep_5q
1.1,teleportation,0.01,-1.2912625152625186,0.11166666666666665,decreases,ghz_indep_5q
1.1,teleportation,0.015,-182545904896085.66,0.08399999999999998,remains stable,ghz_indep_5q
1.1,teleportation,0.02,-2.6065278838808266,0.05966666666666661,increases,ghz_indep_5q
1.2,cat,0.001,-0.960290598290598,0.07933333333333331,remains stable,ghz_indep_5q
1.2,cat,0.005,-32025597350190.582,0.11399999999999999,decreases,ghz_indep_5q
1.2,cat,0.01,-2.3777848621966258,0.07666666666666665,remains stable,ghz_indep_5q
1.2,cat,0.015,-1.2278962962962972,0.09399999999999997,decreases,ghz_indep_5q
1.2,cat,0.02,-0.6320189488450347,0.12199999999999997,decreases,ghz_indep_5q
1.2,teleportation,0.001,-0.10122943722943592,0.10366666666666666,remains stable,ghz_indep_5q
1.2,teleportation,0.005,-38430716820228.47,0.09833333333333331,decreases,ghz_indep_5q
1.2,teleportation,0.01,-1.0669863547758338,0.08066666666666664,increases,ghz_indep_5q
1.2,teleportation,0.015,-374699488997226.7,0.047666666666666656,increases,ghz_indep_5q
1.2,teleportation,0.02,-108086391056892.12,0.09033333333333332,remains stable,ghz_indep_5q
1.0,cat,0.001,-0.005233744862423545,0.7333333333333334,remains stable,ghz_indep_4q
1.0,cat,0.005,0.018040956105912123,0.7908333333333333,remains stable,ghz_indep_4q
1.0,cat,0.01,0.033175219289882575,0.76,remains stable,ghz_indep_4q
1.0,cat,0.015,0.12291615862066124,0.7775000000000001,decreases,ghz_indep_4q
1.0,cat,0.02,0.22488394086206992,0.7441666666666666,decreases,ghz_indep_4q
1.0,teleportation,0.001,-0.08415352586839393,0.70875,remains stable,ghz_indep_4q
1.0,teleportation,0.005,-0.04742018070195835,0.73125,remains stable,ghz_indep_4q
1.0,teleportation,0.01,-0.08183621659686566,0.7491666666666668,increases,ghz_indep_4q
1.0,teleportation,0.015,0.03083409649242984,0.7629166666666667,increases,ghz_indep_4q
1.0,teleportation,0.02,0.09339760556404393,0.76625,decreases,ghz_indep_4q
1.1,cat,0.001,0.0279514958880038,0.745,remains stable,ghz_indep_4q
1.1,cat,0.005,-0.001191457815620652,0.7491666666666666,remains stable,ghz_indep_4q
1.1,cat,0.01,-0.08995579962246197,0.7566666666666666,increases,ghz_indep_4q
1.1,cat,0.015,0.2048160541501819,0.7791666666666668,decreases,ghz_indep_4q
1.1,cat,0.02,-0.8940426367963239,0.7424999999999999,increases,ghz_indep_4q
1.1,teleportation,0.001,0.19892815770829927,0.7375,decreases,ghz_indep_4q
1.1,teleportation,0.005,0.03261923146657791,0.73125,decreases,ghz_indep_4q
1.1,teleportation,0.01,0.12952270239810618,0.7562500000000001,decreases,ghz_indep_4q
1.1,teleportation,0.015,-0.07202773627620256,0.7908333333333333,increases,ghz_indep_4q
1.1,teleportation,0.02,0.07695634857431483,0.7070833333333334,decreases,ghz_indep_4q
1.2,cat,0.001,-0.015189133385345527,0.7458333333333333,remains stable,ghz_indep_4q
1.2,cat,0.005,-0.3682187722023976,0.7433333333333334,increases,ghz_indep_4q
1.2,cat,0.01,0.046553013988423785,0.7441666666666666,remains stable,ghz_indep_4q
1.2,cat,0.015,-0.19233644732237482,0.7516666666666667,increases,ghz_indep_4q
1.2,cat,0.02,-0.13246204049993512,0.8016666666666667,increases,ghz_indep_4q
1.2,teleportation,0.001,-0.08123719944240063,0.7333333333333334,remains stable,ghz_indep_4q
1.2,teleportation,0.005,0.224331368421579,0.7537499999999999,decreases,ghz_indep_4q
1.2,teleportation,0.01,-0.09327500954119979,0.7625,increases,ghz_indep_4q
1.2,teleportation,0.015,-0.00538384738002096,0.7241666666666666,increases,ghz_indep_4q
1.2,teleportation,0.02,-0.14375105992953882,0.7541666666666667,increases,ghz_indep_4q
1.0,cat,0.001,0.008551340493862544,0.7977777777777778,remains stable,ghz_indep_8q
1.0,cat,0.005,-0.06147360375815745,0.805,remains stable,ghz_indep_8q
1.0,cat,0.01,0.02005972379804284,0.8300000000000001,decreases,ghz_indep_8q
1.0,cat,0.015,-0.07304201426450134,0.8272222222222222,increases,ghz_indep_8q
1.0,cat,0.02,0.06598064817342716,0.8455555555555555,decreases,ghz_indep_8q
1.0,teleportation,0.001,0.010648247573024284,0.8455555555555554,remains stable,ghz_indep_8q
1.0,teleportation,0.005,0.09114928467122584,0.8155555555555555,decreases,ghz_indep_8q
1.0,teleportation,0.01,0.09138086435991571,0.8283333333333333,decreases,ghz_indep_8q
1.0,teleportation,0.015,-0.1517039486377525,0.8261111111111111,increases,ghz_indep_8q
1.0,teleportation,0.02,-0.048746177528544016,0.8233333333333333,increases,ghz_indep_8q
1.1,cat,0.001,0.0379702174351501,0.8633333333333334,remains stable,ghz_indep_8q
1.1,cat,0.005,-0.02278435417758118,0.8450000000000001,remains stable,ghz_indep_8q
1.1,cat,0.01,0.03788406500739754,0.84,remains stable,ghz_indep_8q
1.1,cat,0.015,-0.025840339181309548,0.8272222222222222,remains stable,ghz_indep_8q
1.1,cat,0.02,-0.040807071287242425,0.8416666666666667,increases,ghz_indep_8q
1.1,teleportation,0.001,0.041262070280462824,0.8455555555555555,remains stable,ghz_indep_8q
1.1,teleportation,0.005,0.11376076638433145,0.8466666666666667,decreases,ghz_indep_8q
1.1,teleportation,0.01,-0.1032538072402447,0.8391666666666667,increases,ghz_indep_8q
1.1,teleportation,0.015,-0.3659706907987052,0.8394444444444445,increases,ghz_indep_8q
1.1,teleportation,0.02,-0.11747638941217768,0.8222222222222223,increases,ghz_indep_8q
1.2,cat,0.001,0.029359654105688603,0.8516666666666667,remains stable,ghz_indep_8q
1.2,cat,0.005,0.014752335627383604,0.8372222222222222,remains stable,ghz_indep_8q
1.2,cat,0.01,0.02176172058464057,0.8638888888888889,increases,ghz_indep_8q
1.2,cat,0.015,-0.48662162807484394,0.8566666666666666,increases,ghz_indep_8q
1.2,cat,0.02,-0.04088161675196495,0.8533333333333334,decreases,ghz_indep_8q
1.2,teleportation,0.001,-0.04371681801495052,0.8172222222222222,remains stable,ghz_indep_8q
1.2,teleportation,0.005,0.009045318456016882,0.8680555555555557,increases,ghz_indep_8q
1.2,teleportation,0.01,-0.13452291781346817,0.833888888888889,increases,ghz_indep_8q
1.2,teleportation,0.015,0.057507841877520595,0.8411111111111111,decreases,ghz_indep_8q
1.2,teleportation,0.02,-0.1268657404602725,0.8172222222222222,increases,ghz_indep_8q
1.0,cat,0.001,-672537544353998.0,0.031111111111111103,decreases,ghz_indep_3q
1.0,cat,0.005,-2.3792592592592574,0.03777777777777777,decreases,ghz_indep_3q
1.0,cat,0.01,0.1821693121693123,0.13333333333333328,decreases,ghz_indep_3q
1.0,cat,0.015,0.1504397373962595,0.14777777777777776,decreases,ghz_indep_3q
1.0,cat,0.02,-0.9144126984126979,0.11111111111111106,increases,ghz_indep_3q
1.0,teleportation,0.001,-0.38558811558811446,0.10666666666666665,decreases,ghz_indep_3q
1.0,teleportation,0.005,-0.5346289512956174,0.0855555555555555,remains stable,ghz_indep_3q
1.0,teleportation,0.01,-552441554290782.0,0.061111111111111095,remains stable,ghz_indep_3q
1.0,teleportation,0.015,-1.7543034188034194,0.09888888888888887,decreases,ghz_indep_3q
1.0,teleportation,0.02,0.1760113960113956,0.07666666666666666,decreases,ghz_indep_3q
1.1,cat,0.001,-1.4741321713870719,0.08999999999999998,decreases,ghz_indep_3q
1.1,cat,0.005,-0.07818035426731258,0.12999999999999998,increases,ghz_indep_3q
1.1,cat,0.01,0.2223023889690521,0.0722222222222222,decreases,ghz_indep_3q
1.1,cat,0.015,-0.792222222222222,0.06888888888888889,remains stable,ghz_indep_3q
1.1,cat,0.02,-0.44296296296296295,0.06777777777777776,increases,ghz_indep_3q
1.1,teleportation,0.001,-1.8775925925925925,0.06333333333333332,decreases,ghz_indep_3q
1.1,teleportation,0.005,-1.2310651023694508,0.09333333333333327,remains stable,ghz_indep_3q
1.1,teleportation,0.01,-3.4074074074074066,0.06055555555555553,increases,ghz_indep_3q
1.1,teleportation,0.015,-0.050702075702075834,0.10388888888888886,increases,ghz_indep_3q
1.1,teleportation,0.02,-1.4902116402116412,0.047777777777777745,decreases,ghz_indep_3q
1.2,cat,0.001,-0.8248148148148141,0.05777777777777778,increases,ghz_indep_3q
1.2,cat,0.005,-3.2472222222222027,0.04111111111111109,decreases,ghz_indep_3q
1.2,cat,0.01,-0.2738196988196992,0.12555555555555556,decreases,ghz_indep_3q
1.2,cat,0.015,0.7268700737350628,0.18999999999999997,increases,ghz_indep_3q
1.2,cat,0.02,-3.192063492063493,0.055555555555555504,decreases,ghz_indep_3q
1.2,teleportation,0.001,-1.4707359307359262,0.085,decreases,ghz_indep_3q
1.2,teleportation,0.005,-0.2589966329966303,0.0922222222222222,decreases,ghz_indep_3q
1.2,teleportation,0.01,-296964629974491.3,0.06000000000000002,remains stable,ghz_indep_3q
1.2,teleportation,0.015,-3.8131034482758577,0.07111111111111111,increases,ghz_indep_3q
1.2,teleportation,0.02,-4.003174603174604,0.0522222222222222,increases,ghz_indep_3q
1.0,cat,0.001,-0.03312353778333164,0.49333333333333335,remains stable,ghz_indep_2q
1.0,cat,0.005,0.11769952508768784,0.535,remains stable,ghz_indep_2q
1.0,cat,0.01,0.5287082011630925,0.5049999999999999,decreases,ghz_indep_2q
1.0,cat,0.015,-0.11164705714570929,0.49,remains stable,ghz_indep_2q
1.0,cat,0.02,0.41700680272108653,0.4783333333333334,decreases,ghz_indep_2q
1.0,teleportation,0.001,0.063654740246614,0.4975,remains stable,ghz_indep_2q
1.0,teleportation,0.005,-0.07768398268401044,0.5391666666666668,increases,ghz_indep_2q
1.0,teleportation,0.01,-0.1972517730496398,0.48,increases,ghz_indep_2q
1.0,teleportation,0.015,-0.30518747850017697,0.4583333333333333,increases,ghz_indep_2q
1.0,teleportation,0.02,-0.52695263800527,0.4766666666666666,increases,ghz_indep_2q
1.1,cat,0.001,0.0997650218787466,0.5216666666666666,remains stable,ghz_indep_2q
1.1,cat,0.005,0.5671443556736934,0.5333333333333333,decreases,ghz_indep_2q
1.1,cat,0.01,0.0379867220593027,0.46166666666666667,remains stable,ghz_indep_2q
1.1,cat,0.015,0.4520554908054864,0.48000000000000004,decreases,ghz_indep_2q
1.1,cat,0.02,-0.024562739997520767,0.49166666666666664,decreases,ghz_indep_2q
1.1,teleportation,0.001,0.03911381945878945,0.4925,remains stable,ghz_indep_2q
1.1,teleportation,0.005,0.0017512022502495991,0.525,remains stable,ghz_indep_2q
1.1,teleportation,0.01,0.5707945314047893,0.5058333333333332,decreases,ghz_indep_2q
1.1,teleportation,0.015,-0.08003366294970125,0.4925,increases,ghz_indep_2q
1.1,teleportation,0.02,-0.21046245421245244,0.5375,increases,ghz_indep_2q
1.2,cat,0.001,-0.0171417101565636,0.49,remains stable,ghz_indep_2q
1.2,cat,0.005,0.0030280373831776002,0.5233333333333333,remains stable,ghz_indep_2q
1.2,cat,0.01,0.252136798933357,0.5133333333333333,decreases,ghz_indep_2q
1.2,cat,0.015,-1.0606122651100227,0.5283333333333333,increases,ghz_indep_2q
1.2,cat,0.02,0.28353805916305175,0.515,decreases,ghz_indep_2q
1.2,teleportation,0.001,-0.039480328213759644,0.4875,remains stable,ghz_indep_2q
1.2,teleportation,0.005,-0.30702020202019376,0.4758333333333334,increases,ghz_indep_2q
1.2,teleportation,0.01,-0.18087322695035463,0.48,increases,ghz_indep_2q
1.2,teleportation,0.015,0.45973214285714425,0.515,decreases,ghz_indep_2q
1.2,teleportation,0.02,0.2220262096774235,0.48250000000000004,decreases,ghz_indep_2q
1.0,cat,0.001,0.01901630900026947,0.8722222222222222,remains stable,ghz_indep_10q
1.0,cat,0.005,-0.33992489317988567,0.8405555555555556,increases,ghz_indep_10q
1.0,cat,0.01,0.029377573369041825,0.8150000000000001,decreases,ghz_indep_10q
1.0,cat,0.015,-0.09003815594982911,0.7961111111111111,remains stable,ghz_indep_10q
1.0,cat,0.02,0.019754477216319545,0.8233333333333334,decreases,ghz_indep_10q
1.0,teleportation,0.001,-0.013602685380652147,0.8250000000000001,remains stable,ghz_indep_10q
1.0,teleportation,0.005,0.05253310767471164,0.8291666666666666,decreases,ghz_indep_10q
1.0,teleportation,0.01,0.0400647413836747,0.8608333333333333,decreases,ghz_indep_10q
1.0,teleportation,0.015,-0.1001889936839757,0.8352777777777778,increases,ghz_indep_10q
1.0,teleportation,0.02,-0.05335826209574144,0.835,increases,ghz_indep_10q
1.1,cat,0.001,-0.06591704523797629,0.8350000000000001,remains stable,ghz_indep_10q
1.1,cat,0.005,0.1656011458473576,0.8533333333333334,decreases,ghz_indep_10q
1.1,cat,0.01,0.01752394853282509,0.8172222222222221,decreases,ghz_indep_10q
1.1,cat,0.015,0.13631500731841878,0.88,decreases,ghz_indep_10q
1.1,cat,0.02,0.05381953058461797,0.8805555555555555,decreases,ghz_indep_10q
1.1,teleportation,0.001,0.018857372558973552,0.8258333333333333,remains stable,ghz_indep_10q
1.1,teleportation,0.005,0.04862508445474309,0.8327777777777778,decreases,ghz_indep_10q
1.1,teleportation,0.01,0.09591336828352937,0.8647222222222223,decreases,ghz_indep_10q
1.1,teleportation,0.015,-0.29967074297284657,0.8136111111111112,increases,ghz_indep_10q
1.1,teleportation,0.02,0.06008033212596254,0.8386111111111111,decreases,ghz_indep_10q
1.2,cat,0.001,-0.014029248398066272,0.8216666666666667,remains stable,ghz_indep_10q
1.2,cat,0.005,0.05668811548764334,0.85,remains stable,ghz_indep_10q
1.2,cat,0.01,-0.003657991601670507,0.8166666666666668,remains stable,ghz_indep_10q
1.2,cat,0.015,0.0414399404130329,0.8683333333333333,decreases,ghz_indep_10q
1.2,cat,0.02,0.07968092681510819,0.8138888888888888,decreases,ghz_indep_10q
1.2,teleportation,0.001,0.04931468956553185,0.8458333333333335,remains stable,ghz_indep_10q
1.2,teleportation,0.005,-0.0095321972348661,0.8369444444444444,decreases,ghz_indep_10q
1.2,teleportation,0.01,-0.05237428853756739,0.8394444444444445,increases,ghz_indep_10q
1.2,teleportation,0.015,0.16163815465051973,0.8316666666666667,decreases,ghz_indep_10q
1.2,teleportation,0.02,-0.03371424461459669,0.8269444444444444,decreases,ghz_indep_10q
1.0,cat,0.001,-0.6237493987493988,0.09055555555555557,remains stable,ghz_indep_7q
1.0,cat,0.005,-326038373023464.94,0.07277777777777775,decreases,ghz_indep_7q
1.0,cat,0.01,-0.09082491582491714,0.09277777777777774,decreases,ghz_indep_7q
1.0,cat,0.015,-344275171514546.7,0.06277777777777775,decreases,ghz_indep_7q
1.0,cat,0.02,-0.7627058344705399,0.10777777777777776,decreases,ghz_indep_7q
1.0,teleportation,0.001,-229516781009696.9,0.0633333333333333,decreases,ghz_indep_7q
1.0,teleportation,0.005,-0.18223152578415602,0.10166666666666664,decreases,ghz_indep_7q
1.0,teleportation,0.01,-1.7883484416817668,0.07277777777777776,increases,ghz_indep_7q
1.0,teleportation,0.015,-104083191388119.05,0.059722222222222204,decreases,ghz_indep_7q
1.0,teleportation,0.02,-0.24205276448697263,0.06999999999999998,decreases,ghz_indep_7q
1.1,cat,0.001,-0.7135391583533979,0.08277777777777777,increases,ghz_indep_7q
1.1,cat,0.005,-4.13996667247441,0.07555555555555554,increases,ghz_indep_7q
1.1,cat,0.01,-40031996687737.71,0.07944444444444443,increases,ghz_indep_7q
1.1,cat,0.015,-26020797847031.043,0.051666666666666645,increases,ghz_indep_7q
1.1,cat,0.02,-984787118518347.1,0.0938888888888889,increases,ghz_indep_7q
1.1,teleportation,0.001,-200159983438689.12,0.07194444444444441,decreases,ghz_indep_7q
1.1,teleportation,0.005,-192153584101142.22,0.0961111111111111,increases,ghz_indep_7q
1.1,teleportation,0.01,-0.5597792349262932,0.08805555555555551,decreases,ghz_indep_7q
1.1,teleportation,0.015,-0.7036700336700333,0.06111111111111106,decreases,ghz_indep_7q
1.1,teleportation,0.02,-0.5435251322751317,0.06833333333333332,increases,ghz_indep_7q
1.2,cat,0.001,-2.453364032481679,0.06277777777777775,remains stable,ghz_indep_7q
1.2,cat,0.005,-2.2610251014417613,0.08333333333333333,increases,ghz_indep_7q
1.2,cat,0.01,-0.8043863471314445,0.0761111111111111,decreases,ghz_indep_7q
1.2,cat,0.015,-0.2452065770486822,0.11999999999999995,decreases,ghz_indep_7q
1.2,cat,0.02,-46259196172497.54,0.09722222222222221,decreases,ghz_indep_7q
1.2,teleportation,0.001,-0.9498484848484815,0.07944444444444443,increases,ghz_indep_7q
1.2,teleportation,0.005,-1.695044231131189,0.08027777777777773,increases,ghz_indep_7q
1.2,teleportation,0.01,-1.2497804972804938,0.07111111111111108,increases,ghz_indep_7q
1.2,teleportation,0.015,-1.7226495726495752,0.08611111111111108,remains stable,ghz_indep_7q
1.2,teleportation,0.02,-1.552083333333335,0.07388888888888885,decreases,ghz_indep_7q
1.0,cat,0.001,0.0007087480406767499,0.8305555555555556,remains stable,ghz_indep_6q
1.0,cat,0.005,0.06906209939887663,0.8611111111111112,decreases,ghz_indep_6q
1.0,cat,0.01,0.03722793389976302,0.8449999999999999,remains stable,ghz_indep_6q
1.0,cat,0.015,0.16333282701098403,0.8466666666666667,decreases,ghz_indep_6q
1.0,cat,0.02,0.11902067104934148,0.8355555555555556,decreases,ghz_indep_6q
1.0,teleportation,0.001,-0.0016286372090951753,0.8180555555555555,remains stable,ghz_indep_6q
1.0,teleportation,0.005,-0.00022897133119340282,0.8325,decreases,ghz_indep_6q
1.0,teleportation,0.01,-0.012102530368297096,0.8405555555555555,decreases,ghz_indep_6q
1.0,teleportation,0.015,-0.20171530914605973,0.8152777777777778,increases,ghz_indep_6q
1.0,teleportation,0.02,0.006878922654578772,0.83,decreases,ghz_indep_6q
1.1,cat,0.001,-0.00918853623158964,0.8316666666666667,remains stable,ghz_indep_6q
1.1,cat,0.005,0.022775198231251945,0.8711111111111111,decreases,ghz_indep_6q
1.1,cat,0.01,0.17629952831055337,0.8555555555555556,decreases,ghz_indep_6q
1.1,cat,0.015,0.06242304496909982,0.8427777777777777,decreases,ghz_indep_6q
1.1,cat,0.02,-0.06879438994740318,0.8316666666666667,increases,ghz_indep_6q
1.1,teleportation,0.001,0.048686809346739295,0.846388888888889,decreases,ghz_indep_6q
1.1,teleportation,0.005,0.15895817450580352,0.8355555555555556,decreases,ghz_indep_6q
1.1,teleportation,0.01,-0.03325798528403032,0.8113888888888888,remains stable,ghz_indep_6q
1.1,teleportation,0.015,-0.04238887711730485,0.8194444444444445,increases,ghz_indep_6q
1.1,teleportation,0.02,0.07395103249313581,0.8705555555555554,decreases,ghz_indep_6q
1.2,cat,0.001,0.15311342234188688,0.8561111111111113,decreases,ghz_indep_6q
1.2,cat,0.005,-0.25198585213308416,0.8222222222222223,increases,ghz_indep_6q
1.2,cat,0.01,0.1752806656822965,0.8527777777777779,decreases,ghz_indep_6q
1.2,cat,0.015,-0.36660268057401174,0.8472222222222223,increases,ghz_indep_6q
1.2,cat,0.02,-0.010999854248724095,0.8399999999999999,remains stable,ghz_indep_6q
1.2,teleportation,0.001,0.05710877708977359,0.8483333333333333,remains stable,ghz_indep_6q
1.2,teleportation,0.005,0.14718689893090492,0.8575,decreases,ghz_indep_6q
1.2,teleportation,0.01,-0.07924653143347635,0.8136111111111112,increases,ghz_indep_6q
1.2,teleportation,0.015,-0.054238238126168986,0.8297222222222222,increases,ghz_indep_6q
1.2,teleportation,0.02,0.016185482641250457,0.8191666666666667,increases,ghz_indep_6q
1.0,cat,0.001,-0.5686077211918478,0.8088888888888889,increases,wstate_indep_7q
1.0,cat,0.005,0.10380719786092203,0.8755555555555555,decreases,wstate_indep_7q
1.0,cat,0.01,-0.09030606347024694,0.8527777777777779,increases,wstate_indep_7q
1.0,cat,0.015,-0.04780891063756451,0.8472222222222222,increases,wstate_indep_7q
1.0,cat,0.02,-0.02383135206520942,0.8638888888888889,increases,wstate_indep_7q
1.0,teleportation,0.001,-0.05384247214541957,0.8477777777777779,increases,wstate_indep_7q
1.0,teleportation,0.005,0.06949941083636643,0.8336111111111112,decreases,wstate_indep_7q
1.0,teleportation,0.01,0.05176608172465789,0.8702777777777779,decreases,wstate_indep_7q
1.0,teleportation,0.015,-0.09100683489908452,0.8394444444444445,increases,wstate_indep_7q
1.0,teleportation,0.02,-0.004713323186913566,0.8797222222222222,remains stable,wstate_indep_7q
1.1,cat,0.001,0.14629570543209347,0.8261111111111111,decreases,wstate_indep_7q
1.1,cat,0.005,0.1450916799870551,0.8672222222222222,decreases,wstate_indep_7q
1.1,cat,0.01,-0.007357164181629415,0.8227777777777777,decreases,wstate_indep_7q
1.1,cat,0.015,-0.01340954004337609,0.8677777777777779,increases,wstate_indep_7q
1.1,cat,0.02,-0.04383101141004431,0.8861111111111111,increases,wstate_indep_7q
1.1,teleportation,0.001,-0.07176646415689128,0.8513888888888891,increases,wstate_indep_7q
1.1,teleportation,0.005,-0.10100431750748755,0.8380555555555556,increases,wstate_indep_7q
1.1,teleportation,0.01,-0.14126442782613666,0.8624999999999999,increases,wstate_indep_7q
1.1,teleportation,0.015,-0.13901070677373076,0.8136111111111112,increases,wstate_indep_7q
1.1,teleportation,0.02,0.04963453063332918,0.9,decreases,wstate_indep_7q
1.2,cat,0.001,-0.05512487342914912,0.8577777777777778,increases,wstate_indep_7q
1.2,cat,0.005,0.08102484881576466,0.8316666666666667,decreases,wstate_indep_7q
1.2,cat,0.01,-0.13705074798157998,0.8088888888888889,increases,wstate_indep_7q
1.2,cat,0.015,0.004548066258276584,0.8877777777777777,increases,wstate_indep_7q
1.2,cat,0.02,-0.03332708670646683,0.8761111111111113,increases,wstate_indep_7q
1.2,teleportation,0.001,-0.006977189384158399,0.8574999999999999,decreases,wstate_indep_7q
1.2,teleportation,0.005,-0.2642330568936347,0.8897222222222222,increases,wstate_indep_7q
1.2,teleportation,0.01,-0.002671432661935485,0.8877777777777777,increases,wstate_indep_7q
1.2,teleportation,0.015,0.022172771816598602,0.893611111111111,decreases,wstate_indep_7q
1.2,teleportation,0.02,-0.08381186529469481,0.8691666666666666,increases,wstate_indep_7q
1.0,cat,0.001,0.03480286704538235,1.1877777777777778,increases,wstate_indep_10q
1.0,cat,0.005,-0.04756243004416141,1.133888888888889,decreases,wstate_indep_10q
1.0,cat,0.01,-0.041698541934486015,1.1527777777777777,decreases,wstate_indep_10q
1.0,cat,0.015,0.03659559467768608,1.165,increases,wstate_indep_10q
1.0,cat,0.02,-0.0703511905673166,1.1077777777777778,decreases,wstate_indep_10q
1.0,teleportation,0.001,-0.0006544982557067739,1.173611111111111,decreases,wstate_indep_10q
1.0,teleportation,0.005,-0.024221268846038393,1.142222222222222,increases,wstate_indep_10q
1.0,teleportation,0.01,-0.03318252585775416,1.135,remains stable,wstate_indep_10q
1.0,teleportation,0.015,0.007532028981389279,1.1538888888888887,increases,wstate_indep_10q
1.0,teleportation,0.02,-0.0037103648492312364,1.146111111111111,decreases,wstate_indep_10q
1.1,cat,0.001,0.04511777940115915,1.208888888888889,increases,wstate_indep_10q
1.1,cat,0.005,0.007526439245761088,1.16,increases,wstate_indep_10q
1.1,cat,0.01,-0.08952433525993757,1.1227777777777777,remains stable,wstate_indep_10q
1.1,cat,0.015,-0.00507138949082251,1.1277777777777778,increases,wstate_indep_10q
1.1,cat,0.02,-0.023633428073934846,1.1327777777777777,decreases,wstate_indep_10q
1.1,teleportation,0.001,-0.030405023926177322,1.1669444444444443,remains stable,wstate_indep_10q
1.1,teleportation,0.005,0.008585566007765383,1.166388888888889,increases,wstate_indep_10q
1.1,teleportation,0.01,0.041464942964155725,1.1616666666666666,increases,wstate_indep_10q
1.1,teleportation,0.015,-0.0390786353328554,1.1072222222222223,increases,wstate_indep_10q
1.1,teleportation,0.02,-0.011288324346796894,1.142222222222222,decreases,wstate_indep_10q
1.2,cat,0.001,0.05968253118738239,1.181111111111111,remains stable,wstate_indep_10q
1.2,cat,0.005,0.028028579186227736,1.1733333333333333,increases,wstate_indep_10q
1.2,cat,0.01,-0.09296218164140847,1.1583333333333334,decreases,wstate_indep_10q
1.2,cat,0.015,-0.027114570373582128,1.1294444444444445,decreases,wstate_indep_10q
1.2,cat,0.02,-0.014354814866553484,1.1266666666666667,decreases,wstate_indep_10q
1.2,teleportation,0.001,-0.06680574625695242,1.1469444444444445,remains stable,wstate_indep_10q
1.2,teleportation,0.005,0.010938066182457193,1.172222222222222,remains stable,wstate_indep_10q
1.2,teleportation,0.01,-0.024004131063437212,1.1694444444444445,decreases,wstate_indep_10q
1.2,teleportation,0.015,-0.018292954879595855,1.1205555555555555,decreases,wstate_indep_10q
1.2,teleportation,0.02,-0.057394076399875975,1.113888888888889,decreases,wstate_indep_10q
1.0,cat,0.001,0.026746518779700024,1.167777777777778,increases,wstate_indep_6q
1.0,cat,0.005,0.06663892529895053,1.185,increases,wstate_indep_6q
1.0,cat,0.01,-0.03324742188989991,1.17,increases,wstate_indep_6q
1.0,cat,0.015,0.015935353476212666,1.1572222222222222,remains stable,wstate_indep_6q
1.0,cat,0.02,-0.03590429673785838,1.1672222222222224,decreases,wstate_indep_6q
1.0,teleportation,0.001,0.013307832504139751,1.1672222222222222,increases,wstate_indep_6q
1.0,teleportation,0.005,-0.019070768698057527,1.1566666666666667,decreases,wstate_indep_6q
1.0,teleportation,0.01,0.025158535784861335,1.1611111111111112,decreases,wstate_indep_6q
1.0,teleportation,0.015,-0.05627381537663014,1.116666666666667,increases,wstate_indep_6q
1.0,teleportation,0.02,0.023028961508243007,1.1555555555555554,decreases,wstate_indep_6q
1.1,cat,0.001,0.012362836987977445,1.1527777777777777,increases,wstate_indep_6q
1.1,cat,0.005,0.014820038302827118,1.1383333333333334,increases,wstate_indep_6q
1.1,cat,0.01,-0.012451907524771896,1.1361111111111113,increases,wstate_indep_6q
1.1,cat,0.015,0.0444877999884668,1.1866666666666668,decreases,wstate_indep_6q
1.1,cat,0.02,-0.0003025835674970426,1.1477777777777776,decreases,wstate_indep_6q
1.1,teleportation,0.001,0.002085251171475498,1.1827777777777777,remains stable,wstate_indep_6q
1.1,teleportation,0.005,-0.008451152238532367,1.1644444444444444,decreases,wstate_indep_6q
1.1,teleportation,0.01,-0.03074613043556815,1.1677777777777778,decreases,wstate_indep_6q
1.1,teleportation,0.015,-0.011979507406157233,1.1733333333333333,decreases,wstate_indep_6q
1.1,teleportation,0.02,-0.04124025140782095,1.126111111111111,decreases,wstate_indep_6q
1.2,cat,0.001,-0.05515192808925481,1.1477777777777778,decreases,wstate_indep_6q
1.2,cat,0.005,0.011869494415551704,1.1705555555555556,decreases,wstate_indep_6q
1.2,cat,0.01,0.0015053967383805433,1.1294444444444445,remains stable,wstate_indep_6q
1.2,cat,0.015,-0.03338169707422477,1.1244444444444446,increases,wstate_indep_6q
1.2,cat,0.02,-0.0047251151840954474,1.1655555555555557,decreases,wstate_indep_6q
1.2,teleportation,0.001,-0.020348116182790938,1.1372222222222221,decreases,wstate_indep_6q
1.2,teleportation,0.005,-0.004652450901211992,1.1622222222222223,increases,wstate_indep_6q
1.2,teleportation,0.01,0.007941552314993347,1.146111111111111,increases,wstate_indep_6q
1.2,teleportation,0.015,-0.03753615091785967,1.1455555555555554,decreases,wstate_indep_6q
1.2,teleportation,0.02,0.006277457597810297,1.138888888888889,decreases,wstate_indep_6q
1.0,cat,0.001,0.023299179168804668,1.3311111111111111,decreases,wstate_indep_3q
1.0,cat,0.005,0.07926745842647326,1.3322222222222224,increases,wstate_indep_3q
1.0,cat,0.01,0.0187566614772496,1.3133333333333332,increases,wstate_indep_3q
1.0,cat,0.015,-0.07890259382671662,1.2777777777777777,decreases,wstate_indep_3q
1.0,cat,0.02,0.035774435266160955,1.3444444444444443,decreases,wstate_indep_3q
1.0,teleportation,0.001,-0.05055118727739708,1.2922222222222222,increases,wstate_indep_3q
1.0,teleportation,0.005,0.03432853207064084,1.31,increases,wstate_indep_3q
1.0,teleportation,0.01,0.00593264945099849,1.2966666666666666,increases,wstate_indep_3q
1.0,teleportation,0.015,0.022480648766074154,1.2733333333333332,decreases,wstate_indep_3q
1.0,teleportation,0.02,0.010232968274526896,1.291111111111111,increases,wstate_indep_3q
1.1,cat,0.001,0.008459758338594353,1.3555555555555554,increases,wstate_indep_3q
1.1,cat,0.005,0.006446809556468376,1.2977777777777775,increases,wstate_indep_3q
1.1,cat,0.01,0.07352503568247866,1.3499999999999999,increases,wstate_indep_3q
1.1,cat,0.015,-0.007185436909653428,1.3177777777777777,increases,wstate_indep_3q
1.1,cat,0.02,0.01889476761806109,1.2944444444444445,increases,wstate_indep_3q
1.1,teleportation,0.001,-0.003900659684510612,1.3377777777777775,decreases,wstate_indep_3q
1.1,teleportation,0.005,0.022741100616120762,1.2866666666666668,increases,wstate_indep_3q
1.1,teleportation,0.01,0.007104857325462301,1.2966666666666666,decreases,wstate_indep_3q
1.1,teleportation,0.015,-0.033074811378700573,1.2777777777777777,decreases,wstate_indep_3q
1.1,teleportation,0.02,0.10004682053701171,1.3155555555555554,increases,wstate_indep_3q
1.2,cat,0.001,0.012456474497663664,1.2755555555555553,increases,wstate_indep_3q
1.2,cat,0.005,0.04541365193243536,1.308888888888889,increases,wstate_indep_3q
1.2,cat,0.01,-0.06112055933484498,1.2755555555555553,decreases,wstate_indep_3q
1.2,cat,0.015,-0.038623583840406706,1.2933333333333334,remains stable,wstate_indep_3q
1.2,cat,0.02,0.017901990189571955,1.297777777777778,increases,wstate_indep_3q
1.2,teleportation,0.001,-0.03108251070449138,1.3122222222222222,decreases,wstate_indep_3q
1.2,teleportation,0.005,0.0171060967322734,1.2833333333333332,increases,wstate_indep_3q
1.2,teleportation,0.01,-0.022311024964173153,1.3099999999999998,decreases,wstate_indep_3q
1.2,teleportation,0.015,0.10014440161787785,1.3499999999999999,increases,wstate_indep_3q
1.2,teleportation,0.02,0.005039744818653856,1.3055555555555554,increases,wstate_indep_3q
1.0,cat,0.001,-0.024108465608465638,1.4866666666666666,decreases,wstate_indep_2q
1.0,cat,0.005,-0.03642188560086753,1.4783333333333333,decreases,wstate_indep_2q
1.0,cat,0.01,-0.07054767555068768,1.455,decreases,wstate_indep_2q
1.0,cat,0.015,-0.04690184284600522,1.49,decreases,wstate_indep_2q
1.0,cat,0.02,-0.04040283245277791,1.4583333333333333,decreases,wstate_indep_2q
1.0,teleportation,0.001,0.027263710903077398,1.5283333333333333,increases,wstate_indep_2q
1.0,teleportation,0.005,-0.029941170114069614,1.4916666666666667,decreases,wstate_indep_2q
1.0,teleportation,0.01,-0.024209316156891383,1.46,decreases,wstate_indep_2q
1.0,teleportation,0.015,-0.0009191517277771326,1.5083333333333333,decreases,wstate_indep_2q
1.0,teleportation,0.02,-0.023944298409809817,1.4633333333333334,decreases,wstate_indep_2q
1.1,cat,0.001,0.049389398832795084,1.5366666666666666,increases,wstate_indep_2q
1.1,cat,0.005,-0.028864669271964086,1.4783333333333333,decreases,wstate_indep_2q
1.1,cat,0.01,-0.020577503288678214,1.5116666666666667,decreases,wstate_indep_2q
1.1,cat,0.015,-0.04545818747054221,1.4566666666666666,decreases,wstate_indep_2q
1.1,cat,0.02,-0.05634316564953046,1.4633333333333334,decreases,wstate_indep_2q
1.1,teleportation,0.001,-0.021863360454604193,1.5066666666666668,decreases,wstate_indep_2q
1.1,teleportation,0.005,-0.035078486630682075,1.485,decreases,wstate_indep_2q
1.1,teleportation,0.01,-0.017092472903745985,1.4783333333333333,decreases,wstate_indep_2q
1.1,teleportation,0.015,0.03417452749978146,1.4716666666666667,increases,wstate_indep_2q
1.1,teleportation,0.02,0.03713323713323705,1.4983333333333335,increases,wstate_indep_2q
1.2,cat,0.001,0.0163314559866499,1.4933333333333334,increases,wstate_indep_2q
1.2,cat,0.005,0.06249211263774366,1.53,increases,wstate_indep_2q
1.2,cat,0.01,0.03486369302406567,1.4616666666666667,increases,wstate_indep_2q
1.2,cat,0.015,-0.022458846914096015,1.5066666666666666,decreases,wstate_indep_2q
1.2,cat,0.02,-0.027234945827506532,1.4616666666666667,increases,wstate_indep_2q
1.2,teleportation,0.001,-0.007225383865915464,1.4883333333333333,decreases,wstate_indep_2q
1.2,teleportation,0.005,0.038049317934297396,1.5466666666666666,increases,wstate_indep_2q
1.2,teleportation,0.01,0.029704952073761868,1.495,increases,wstate_indep_2q
1.2,teleportation,0.015,0.0013958662844283504,1.4866666666666666,increases,wstate_indep_2q
1.2,teleportation,0.02,-0.056362222015102104,1.4366666666666665,decreases,wstate_indep_2q
1.0,cat,0.001,0.03985459381461312,1.0222222222222221,remains stable,wstate_indep_9q
1.0,cat,0.005,-0.035544174725102386,0.975,increases,wstate_indep_9q
1.0,cat,0.01,0.009031630908186719,0.9994444444444445,decreases,wstate_indep_9q
1.0,cat,0.015,-0.03285835866009675,0.9955555555555554,increases,wstate_indep_9q
1.0,cat,0.02,-0.08294161202084999,0.9544444444444444,increases,wstate_indep_9q
1.0,teleportation,0.001,-0.01613994878250004,0.9783333333333334,decreases,wstate_indep_9q
1.0,teleportation,0.005,-0.0008501138248676229,1.0166666666666668,decreases,wstate_indep_9q
1.0,teleportation,0.01,-0.008875521062967582,0.9899999999999999,decreases,wstate_indep_9q
1.0,teleportation,0.015,-0.008446847613306012,1.0,remains stable,wstate_indep_9q
1.0,teleportation,0.02,-0.00595368033191603,0.9938888888888888,decreases,wstate_indep_9q
1.1,cat,0.001,-0.05753785207319512,0.9666666666666667,remains stable,wstate_indep_9q
1.1,cat,0.005,0.026933481974148035,1.0305555555555557,decreases,wstate_indep_9q
1.1,cat,0.01,-0.016349796152157207,0.9755555555555556,increases,wstate_indep_9q
1.1,cat,0.015,-0.0033539284762295896,0.9744444444444444,decreases,wstate_indep_9q
1.1,cat,0.02,-0.025398248150146224,1.001111111111111,increases,wstate_indep_9q
1.1,teleportation,0.001,-0.008100945635978858,0.9744444444444444,decreases,wstate_indep_9q
1.1,teleportation,0.005,0.01039463259284929,1.0022222222222223,decreases,wstate_indep_9q
1.1,teleportation,0.01,0.05730456240900803,1.0027777777777778,decreases,wstate_indep_9q
1.1,teleportation,0.015,-0.0022507785951778555,0.9777777777777779,increases,wstate_indep_9q
1.1,teleportation,0.02,-0.020123978344882446,0.9805555555555555,decreases,wstate_indep_9q
1.2,cat,0.001,-0.03237569513933739,0.9877777777777778,decreases,wstate_indep_9q
1.2,cat,0.005,0.021386353679683553,1.0,decreases,wstate_indep_9q
1.2,cat,0.01,0.0613250613434894,1.028888888888889,decreases,wstate_indep_9q
1.2,cat,0.015,0.010660804770106816,1.0355555555555556,remains stable,wstate_indep_9q
1.2,cat,0.02,0.00866952548278728,1.0133333333333334,decreases,wstate_indep_9q
1.2,teleportation,0.001,-0.00666720721410104,0.9933333333333332,decreases,wstate_indep_9q
1.2,teleportation,0.005,-0.006305652855002709,1.0044444444444445,remains stable,wstate_indep_9q
1.2,teleportation,0.01,0.02852504806229487,1.0250000000000001,decreases,wstate_indep_9q
1.2,teleportation,0.015,-0.03177329023052445,0.9733333333333333,decreases,wstate_indep_9q
1.2,teleportation,0.02,-0.03886610392047155,0.9633333333333333,decreases,wstate_indep_9q
1.0,cat,0.001,0.0007497233549295532,0.986,decreases,wstate_indep_5q
1.0,cat,0.005,0.08617041541025237,1.0166666666666666,decreases,wstate_indep_5q
1.0,cat,0.01,-0.027540714267736965,0.9833333333333334,decreases,wstate_indep_5q
1.0,cat,0.015,0.0036989446047665893,0.9953333333333333,decreases,wstate_indep_5q
1.0,cat,0.02,0.0005392185458633264,0.994,remains stable,wstate_indep_5q
1.0,teleportation,0.001,-0.03943463870980384,0.966,decreases,wstate_indep_5q
1.0,teleportation,0.005,0.015457346824260722,1.0046666666666666,increases,wstate_indep_5q
1.0,teleportation,0.01,-0.015119044068308973,1.004,decreases,wstate_indep_5q
1.0,teleportation,0.015,0.003537701766565421,0.994,increases,wstate_indep_5q
1.0,teleportation,0.02,-0.008854128728876132,1.0006666666666668,decreases,wstate_indep_5q
1.1,cat,0.001,-0.06327682002652708,0.952,increases,wstate_indep_5q
1.1,cat,0.005,0.13406136246747094,1.0373333333333332,decreases,wstate_indep_5q
1.1,cat,0.01,0.02047520848113099,0.96,increases,wstate_indep_5q
1.1,cat,0.015,-0.0411963487628723,0.9713333333333333,increases,wstate_indep_5q
1.1,cat,0.02,-0.060509618269358356,0.9913333333333334,increases,wstate_indep_5q
1.1,teleportation,0.001,-0.03752343891166708,0.9793333333333333,decreases,wstate_indep_5q
1.1,teleportation,0.005,-0.019521472735293414,0.9633333333333333,increases,wstate_indep_5q
1.1,teleportation,0.01,-0.008980505115013864,1.0086666666666668,increases,wstate_indep_5q
1.1,teleportation,0.015,0.0032319610498924415,0.976,decreases,wstate_indep_5q
1.1,teleportation,0.02,0.07610474869793071,1.0046666666666666,decreases,wstate_indep_5q
1.2,cat,0.001,0.06894429335768915,1.06,increases,wstate_indep_5q
1.2,cat,0.005,0.03224884797567311,1.0106666666666668,decreases,wstate_indep_5q
1.2,cat,0.01,0.04453364675568918,1.0366666666666666,decreases,wstate_indep_5q
1.2,cat,0.015,0.04795066535928043,0.9746666666666666,decreases,wstate_indep_5q
1.2,cat,0.02,0.08645344402893597,1.0139999999999998,increases,wstate_indep_5q
1.2,teleportation,0.001,-0.05054862354059257,0.968,increases,wstate_indep_5q
1.2,teleportation,0.005,0.0420237233016982,1.008,remains stable,wstate_indep_5q
1.2,teleportation,0.01,0.027872632189611547,1.0166666666666668,increases,wstate_indep_5q
1.2,teleportation,0.015,0.028921405909291886,0.9713333333333333,decreases,wstate_indep_5q
1.2,teleportation,0.02,-0.00926986513619817,0.976,increases,wstate_indep_5q
1.0,cat,0.001,0.0030270929851810516,1.2508333333333335,increases,wstate_indep_4q
1.0,cat,0.005,0.040561802546584626,1.2425,increases,wstate_indep_4q
1.0,cat,0.01,-0.0729745548583682,1.2216666666666667,remains stable,wstate_indep_4q
1.0,cat,0.015,-0.06355075685759384,1.2175,decreases,wstate_indep_4q
1.0,cat,0.02,-0.07399334477341606,1.2183333333333333,decreases,wstate_indep_4q
1.0,teleportation,0.001,-0.017525637959437318,1.2583333333333333,decreases,wstate_indep_4q
1.0,teleportation,0.005,0.0161268877185346,1.2675,increases,wstate_indep_4q
1.0,teleportation,0.01,-0.02170402559786444,1.245,decreases,wstate_indep_4q
1.0,teleportation,0.015,0.03501927682941536,1.2416666666666667,increases,wstate_indep_4q
1.0,teleportation,0.02,0.008752027069144543,1.22,increases,wstate_indep_4q
1.1,cat,0.001,0.004615601267750319,1.2441666666666666,decreases,wstate_indep_4q
1.1,cat,0.005,-0.03491494857158206,1.2241666666666666,decreases,wstate_indep_4q
1.1,cat,0.01,-0.0073272453271775815,1.2433333333333332,decreases,wstate_indep_4q
1.1,cat,0.015,-0.021669480041106963,1.2216666666666667,decreases,wstate_indep_4q
1.1,cat,0.02,-0.0432834475630632,1.2083333333333333,decreases,wstate_indep_4q
1.1,teleportation,0.001,-0.043946601575614856,1.22,decreases,wstate_indep_4q
1.1,teleportation,0.005,-0.004329097462824715,1.2416666666666667,increases,wstate_indep_4q
1.1,teleportation,0.01,0.033326575378743624,1.2625,decreases,wstate_indep_4q
1.1,teleportation,0.015,0.03263341318840639,1.269166666666667,increases,wstate_indep_4q
1.1,teleportation,0.02,-0.0029521673360033487,1.2216666666666667,decreases,wstate_indep_4q
1.2,cat,0.001,-0.05208520216311015,1.2641666666666667,decreases,wstate_indep_4q
1.2,cat,0.005,0.061401218572385535,1.2850000000000001,increases,wstate_indep_4q
1.2,cat,0.01,-0.0040189918830841696,1.2375,decreases,wstate_indep_4q
1.2,cat,0.015,-0.06314077278542707,1.2116666666666667,decreases,wstate_indep_4q
1.2,cat,0.02,0.0028123344961522197,1.2258333333333333,increases,wstate_indep_4q
1.2,teleportation,0.001,-0.03424474470477212,1.23,decreases,wstate_indep_4q
1.2,teleportation,0.005,-0.03614225536321111,1.2208333333333332,decreases,wstate_indep_4q
1.2,teleportation,0.01,-0.002984773614242065,1.2466666666666666,increases,wstate_indep_4q
1.2,teleportation,0.015,0.021976069069193242,1.2341666666666666,increases,wstate_indep_4q
1.2,teleportation,0.02,-0.0037611509011684398,1.2433333333333332,increases,wstate_indep_4q
1.0,cat,0.001,-0.030169306501521876,1.1644444444444444,decreases,wstate_indep_8q
1.0,cat,0.005,0.03451609507142258,1.1627777777777777,increases,wstate_indep_8q
1.0,cat,0.01,0.05064319738907655,1.1633333333333333,increases,wstate_indep_8q
1.0,cat,0.015,-0.0197914930622903,1.1216666666666668,decreases,wstate_indep_8q
1.0,cat,0.02,-0.02512828123060554,1.1372222222222224,decreases,wstate_indep_8q
1.0,teleportation,0.001,-0.015518598038623778,1.1427777777777777,decreases,wstate_indep_8q
1.0,teleportation,0.005,-0.04510449959167757,1.1583333333333332,decreases,wstate_indep_8q
1.0,teleportation,0.01,0.04384586486731588,1.1844444444444446,increases,wstate_indep_8q
1.0,teleportation,0.015,-0.04306659431340338,1.1333333333333333,decreases,wstate_indep_8q
1.0,teleportation,0.02,-0.009445222904895611,1.1388888888888888,decreases,wstate_indep_8q
1.1,cat,0.001,0.04036080608560991,1.1633333333333333,increases,wstate_indep_8q
1.1,cat,0.005,-0.013939652196921115,1.1466666666666667,decreases,wstate_indep_8q
1.1,cat,0.01,-0.048220981047277144,1.1088888888888888,remains stable,wstate_indep_8q
1.1,cat,0.015,0.03287876910483079,1.173888888888889,remains stable,wstate_indep_8q
1.1,cat,0.02,0.012774240764828027,1.14,decreases,wstate_indep_8q
1.1,teleportation,0.001,0.047861806860632815,1.1766666666666667,increases,wstate_indep_8q
1.1,teleportation,0.005,-0.017171030818745478,1.15,increases,wstate_indep_8q
1.1,teleportation,0.01,-0.04301239275819516,1.1483333333333334,decreases,wstate_indep_8q
1.1,teleportation,0.015,-0.00578338711942214,1.1383333333333332,remains stable,wstate_indep_8q
1.1,teleportation,0.02,0.006476288822083398,1.1566666666666665,decreases,wstate_indep_8q
1.2,cat,0.001,0.02031631536766737,1.1711111111111112,decreases,wstate_indep_8q
1.2,cat,0.005,-0.0004845610878986296,1.1527777777777777,decreases,wstate_indep_8q
1.2,cat,0.01,0.00486887258783592,1.1738888888888888,remains stable,wstate_indep_8q
1.2,cat,0.015,-0.03523006282535734,1.1266666666666667,increases,wstate_indep_8q
1.2,cat,0.02,0.022733739060382434,1.146111111111111,increases,wstate_indep_8q
1.2,teleportation,0.001,0.004314450140340955,1.1716666666666669,increases,wstate_indep_8q
1.2,teleportation,0.005,0.014727291394245763,1.1816666666666669,remains stable,wstate_indep_8q
1.2,teleportation,0.01,-0.01181406910813021,1.1538888888888887,decreases,wstate_indep_8q
1.2,teleportation,0.015,-0.030695503623483972,1.1327777777777779,remains stable,wstate_indep_8q
1.2,teleportation,0.02,0.0065218735511033575,1.1594444444444443,decreases,wstate_indep_8q
1.0,teleportation,0.001,0.9128571428571444,0.09499999999999995,increases,qft_indep_7q
1.0,teleportation,0.001,0.3740481577246282,0.1083333333333333,remains stable,ghz_indep_15q
1.0,teleportation,0.005,-0.5011965811965825,0.07999999999999995,decreases,ghz_indep_15q
1.0,teleportation,0.01,-1.417724867724865,0.08666666666666663,increases,ghz_indep_15q
1.0,teleportation,0.015,-1.7946428571428539,0.043333333333333314,decreases,ghz_indep_15q
1.0,teleportation,0.02,-0.03365079365079304,0.1133333333333333,decreases,ghz_indep_15q
1.1,teleportation,0.001,-0.14953703703703822,0.08166666666666665,increases,ghz_indep_15q
1.1,teleportation,0.005,-0.27962053197347586,0.09666666666666661,increases,ghz_indep_15q
1.1,teleportation,0.01,-0.007094017094016296,0.085,increases,ghz_indep_15q
1.1,teleportation,0.015,-44035196356510.71,0.09000000000000001,decreases,ghz_indep_15q
1.1,teleportation,0.02,-1.9185714285714288,0.09666666666666664,increases,ghz_indep_15q
1.2,teleportation,0.001,0.16561965811965815,0.09999999999999994,increases,ghz_indep_15q
1.2,teleportation,0.005,0.32544563279857414,0.11,increases,ghz_indep_15q
1.2,teleportation,0.01,0.2546031746031754,0.041666666666666616,remains stable,ghz_indep_15q
1.2,teleportation,0.015,-0.82344276094276,0.08,decreases,ghz_indep_15q
1.2,teleportation,0.02,-0.349537037037037,0.07333333333333329,increases,ghz_indep_15q
1.0,teleportation,0.001,-0.9651515151515142,0.06599999999999998,remains stable,ghz_indep_19q
1.0,teleportation,0.005,-0.6312592592592593,0.10800000000000001,increases,ghz_indep_19q
1.0,teleportation,0.01,-1.3764285714285704,0.07999999999999999,decreases,ghz_indep_19q
1.0,teleportation,0.015,-0.4589941520467843,0.09800000000000002,increases,ghz_indep_19q
1.0,teleportation,0.02,0.12290598290598301,0.12799999999999995,increases,ghz_indep_19q
1.1,teleportation,0.001,-0.40142857142857064,0.07799999999999999,decreases,ghz_indep_19q
1.1,teleportation,0.005,-2.054285714285716,0.04399999999999994,remains stable,ghz_indep_19q
1.1,teleportation,0.01,-0.7633333333333335,0.08399999999999999,increases,ghz_indep_19q
1.1,teleportation,0.015,-2.943571428571435,0.07599999999999997,decreases,ghz_indep_19q
1.1,teleportation,0.02,-0.11157097288676136,0.088,decreases,ghz_indep_19q
1.2,teleportation,0.001,-1.432915032679738,0.08999999999999994,increases,ghz_indep_19q
1.2,teleportation,0.005,-131762457669353.2,0.10199999999999998,decreases,ghz_indep_19q
1.2,teleportation,0.01,-0.33666666666666645,0.03999999999999994,decreases,ghz_indep_19q
1.2,teleportation,0.015,-1.1298630745147098e+16,0.06999999999999998,decreases,ghz_indep_19q
1.2,teleportation,0.02,-1265011095332511.2,0.066,remains stable,ghz_indep_19q
1.0,teleportation,0.001,0.10401360005019102,0.8360000000000001,remains stable,ghz_indep_18q
1.0,teleportation,0.005,-0.22205003964202277,0.808,increases,ghz_indep_18q
1.0,teleportation,0.01,0.08804940785233278,0.784,decreases,ghz_indep_18q
1.0,teleportation,0.015,0.04766935771167918,0.7779999999999999,decreases,ghz_indep_18q
1.0,teleportation,0.02,0.0869610977177576,0.8220000000000001,decreases,ghz_indep_18q
1.1,teleportation,0.001,0.04404998295937516,0.8059999999999998,remains stable,ghz_indep_18q
1.1,teleportation,0.005,0.08622171479314336,0.7859999999999999,remains stable,ghz_indep_18q
1.1,teleportation,0.01,0.005771763802518909,0.8240000000000001,decreases,ghz_indep_18q
1.1,teleportation,0.015,0.06172231936160295,0.8,remains stable,ghz_indep_18q
1.1,teleportation,0.02,0.025981150793650726,0.8,remains stable,ghz_indep_18q
1.2,teleportation,0.001,-0.04540880171733131,0.8140000000000001,remains stable,ghz_indep_18q
1.2,teleportation,0.005,0.1473958496199624,0.8300000000000001,decreases,ghz_indep_18q
1.2,teleportation,0.01,-0.038356252759224205,0.748,remains stable,ghz_indep_18q
1.2,teleportation,0.015,-0.3287905967959205,0.792,increases,ghz_indep_18q
1.2,teleportation,0.02,0.15291182764945332,0.8300000000000001,decreases,ghz_indep_18q
1.0,teleportation,0.001,0.01653531655225016,0.805,remains stable,ghz_indep_14q
1.0,teleportation,0.005,0.01492218880888888,0.8599999999999999,increases,ghz_indep_14q
1.0,teleportation,0.01,0.016331858516281522,0.8099999999999999,remains stable,ghz_indep_14q
1.0,teleportation,0.015,-0.4367785621308477,0.7933333333333333,increases,ghz_indep_14q
1.0,teleportation,0.02,0.1470269338766753,0.8866666666666667,decreases,ghz_indep_14q
1.1,teleportation,0.001,0.03476738245619777,0.85,remains stable,ghz_indep_14q
1.1,teleportation,0.005,0.024304367956128465,0.8616666666666667,decreases,ghz_indep_14q
1.1,teleportation,0.01,0.03158638701315551,0.8816666666666668,remains stable,ghz_indep_14q
1.1,teleportation,0.015,0.18868441168441344,0.8533333333333334,decreases,ghz_indep_14q
1.1,teleportation,0.02,0.17884407676204453,0.8633333333333333,decreases,ghz_indep_14q
1.2,teleportation,0.001,0.08556473069229034,0.85,remains stable,ghz_indep_14q
1.2,teleportation,0.005,0.06524429149107394,0.8483333333333335,decreases,ghz_indep_14q
1.2,teleportation,0.01,0.016077007002569744,0.8450000000000001,decreases,ghz_indep_14q
1.2,teleportation,0.015,0.06741298844330217,0.8133333333333334,decreases,ghz_indep_14q
1.2,teleportation,0.02,-0.11288024414108855,0.8083333333333335,increases,ghz_indep_14q
1.0,teleportation,0.001,-1.1182539682539685,0.11166666666666664,increases,ghz_indep_13q
1.0,teleportation,0.005,-2.426388888888892,0.033333333333333263,remains stable,ghz_indep_13q
1.0,teleportation,0.01,-1.2841414141414138,0.0666666666666666,decreases,ghz_indep_13q
1.0,teleportation,0.015,-3.5748571428571383,0.06333333333333334,remains stable,ghz_indep_13q
1.0,teleportation,0.02,-1.7682178932178962,0.06166666666666663,increases,ghz_indep_13q
1.1,teleportation,0.001,-2.7610317460317404,0.07166666666666664,decreases,ghz_indep_13q
1.1,teleportation,0.005,-1.3093078218078211,0.07666666666666665,increases,ghz_indep_13q
1.1,teleportation,0.01,-0.7932692307692292,0.06999999999999999,increases,ghz_indep_13q
1.1,teleportation,0.015,-2.1502380952380915,0.07499999999999997,increases,ghz_indep_13q
1.1,teleportation,0.02,-1.558282828282831,0.11166666666666665,increases,ghz_indep_13q
1.2,teleportation,0.001,-3.7522486772486676,0.053333333333333295,decreases,ghz_indep_13q
1.2,teleportation,0.005,-1.2052248677248676,0.056666666666666636,decreases,ghz_indep_13q
1.2,teleportation,0.01,-4.881637426900576,0.05999999999999997,increases,ghz_indep_13q
1.2,teleportation,0.015,-0.7389621489621497,0.06833333333333332,decreases,ghz_indep_13q
1.2,teleportation,0.02,-1.2223809523809568,0.07999999999999999,increases,ghz_indep_13q
1.0,teleportation,0.001,-0.0981078138846917,0.7933333333333333,remains stable,ghz_indep_12q
1.0,teleportation,0.005,0.1811832070625765,0.8650000000000001,decreases,ghz_indep_12q
1.0,teleportation,0.01,0.15949583309077814,0.82,decreases,ghz_indep_12q
1.0,teleportation,0.015,0.2056903078901207,0.8716666666666667,decreases,ghz_indep_12q
1.0,teleportation,0.02,-0.4488133588188008,0.8316666666666667,increases,ghz_indep_12q
1.1,teleportation,0.001,0.029092350068507078,0.8616666666666667,remains stable,ghz_indep_12q
1.1,teleportation,0.005,-0.03558031974473901,0.875,increases,ghz_indep_12q
1.1,teleportation,0.01,0.012595880944947372,0.8533333333333335,increases,ghz_indep_12q
1.1,teleportation,0.015,0.06192260567313351,0.8083333333333332,decreases,ghz_indep_12q
1.1,teleportation,0.02,-0.3303062678062677,0.835,increases,ghz_indep_12q
1.2,teleportation,0.001,-0.05293398402839396,0.8333333333333334,remains stable,ghz_indep_12q
1.2,teleportation,0.005,-0.013857514198435289,0.8833333333333332,increases,ghz_indep_12q
1.2,teleportation,0.01,-0.05219041053041466,0.8116666666666665,remains stable,ghz_indep_12q
1.2,teleportation,0.015,0.03132214625820516,0.8383333333333334,remains stable,ghz_indep_12q
1.2,teleportation,0.02,-0.016952595750802782,0.85,increases,ghz_indep_12q
1.0,teleportation,0.001,-2.195089550971901,0.07833333333333332,increases,ghz_indep_11q
1.0,teleportation,0.005,-0.5648148148148143,0.08166666666666662,decreases,ghz_indep_11q
1.0,teleportation,0.01,0.5495965608465613,0.09999999999999998,decreases,ghz_indep_11q
1.0,teleportation,0.015,-0.5897222222222166,0.09500000000000001,increases,ghz_indep_11q
1.0,teleportation,0.02,-713713312375668.6,0.07333333333333332,decreases,ghz_indep_11q
1.1,teleportation,0.001,-2.0111111111111124,0.0366666666666666,increases,ghz_indep_11q
1.1,teleportation,0.005,-0.961982570806101,0.08499999999999996,decreases,ghz_indep_11q
1.1,teleportation,0.01,-0.5276489533011257,0.09333333333333332,increases,ghz_indep_11q
1.1,teleportation,0.015,-0.31507936507936485,0.05999999999999997,decreases,ghz_indep_11q
1.1,teleportation,0.02,-8166527324298500.0,0.06166666666666665,decreases,ghz_indep_11q
1.2,teleportation,0.001,-1.2182828282828302,0.05999999999999998,decreases,ghz_indep_11q
1.2,teleportation,0.005,0.4719891219891226,0.07499999999999997,decreases,ghz_indep_11q
1.2,teleportation,0.01,-0.8166666666666632,0.07499999999999997,remains stable,ghz_indep_11q
1.2,teleportation,0.015,-2.5818452380952435,0.05999999999999996,increases,ghz_indep_11q
1.2,teleportation,0.02,-2.8648603683897833,0.07666666666666665,increases,ghz_indep_11q
1.0,teleportation,0.001,-1.8842307692307678,0.05800000000000001,decreases,ghz_indep_17q
1.0,teleportation,0.005,-0.136555555555556,0.12599999999999997,increases,ghz_indep_17q
1.0,teleportation,0.01,-0.05915151515151464,0.08599999999999997,increases,ghz_indep_17q
1.0,teleportation,0.015,-2.4559999999999933,0.06599999999999998,decreases,ghz_indep_17q
1.0,teleportation,0.02,-5.259999999999986,0.04199999999999998,increases,ghz_indep_17q
1.1,teleportation,0.001,-0.010793650793649726,0.06399999999999996,remains stable,ghz_indep_17q
1.1,teleportation,0.005,-1.4799999999999998,0.088,increases,ghz_indep_17q
1.1,teleportation,0.01,-374699488997226.3,0.04599999999999996,remains stable,ghz_indep_17q
1.1,teleportation,0.015,-5.546877828054287,0.10800000000000003,decreases,ghz_indep_17q
1.1,teleportation,0.02,-0.29552380952380936,0.10799999999999996,increases,ghz_indep_17q
1.2,teleportation,0.001,-538030035483201.9,0.022000000000000006,decreases,ghz_indep_17q
1.2,teleportation,0.005,-717373380644259.8,0.05600000000000001,decreases,ghz_indep_17q
1.2,teleportation,0.01,-3.8199999999999923,0.08799999999999998,remains stable,ghz_indep_17q
1.2,teleportation,0.015,-1.355999999999998,0.06799999999999999,decreases,ghz_indep_17q
1.2,teleportation,0.02,-0.3252549019607843,0.10599999999999996,increases,ghz_indep_17q
1.0,teleportation,0.001,-0.028682139469007634,0.75,remains stable,ghz_indep_20q
1.0,teleportation,0.005,-0.18287616121717487,0.7100000000000001,remains stable,ghz_indep_20q
1.0,teleportation,0.01,0.26849056603773597,0.8200000000000001,decreases,ghz_indep_20q
1.0,teleportation,0.015,0.034046260402029405,0.7675000000000001,increases,ghz_indep_20q
1.0,teleportation,0.02,-0.38481548154815487,0.7849999999999999,increases,ghz_indep_20q
1.1,teleportation,0.001,-0.22066897601862204,0.675,remains stable,ghz_indep_20q
1.1,teleportation,0.005,-0.019058739425711867,0.7925000000000001,remains stable,ghz_indep_20q
1.1,teleportation,0.01,0.09870470083236031,0.76,remains stable,ghz_indep_20q
1.1,teleportation,0.015,0.19816268353639216,0.765,decreases,ghz_indep_20q
1.1,teleportation,0.02,0.17752833779156607,0.7750000000000001,decreases,ghz_indep_20q
1.2,teleportation,0.001,0.25805512422360805,0.8200000000000001,decreases,ghz_indep_20q
1.2,teleportation,0.005,0.25344708396179394,0.8125,decreases,ghz_indep_20q
1.2,teleportation,0.01,-0.033548552677403684,0.705,decreases,ghz_indep_20q
1.2,teleportation,0.015,-0.265697650805184,0.79,increases,ghz_indep_20q
1.2,teleportation,0.02,-0.0027296494355318287,0.725,remains stable,ghz_indep_20q
1.0,teleportation,0.001,-0.016523900537394616,0.8483333333333333,remains stable,ghz_indep_16q
1.0,teleportation,0.005,0.15948345876581652,0.8516666666666667,decreases,ghz_indep_16q
1.0,teleportation,0.01,-0.015321255647599154,0.835,decreases,ghz_indep_16q
1.0,teleportation,0.015,-0.4844947826266641,0.8483333333333333,increases,ghz_indep_16q
1.0,teleportation,0.02,0.10046433155220191,0.8233333333333333,decreases,ghz_indep_16q
1.1,teleportation,0.001,0.015746364685342164,0.8266666666666667,remains stable,ghz_indep_16q
1.1,teleportation,0.005,0.2170515708702372,0.8216666666666667,decreases,ghz_indep_16q
1.1,teleportation,0.01,0.1773410360025164,0.86,decreases,ghz_indep_16q
1.1,teleportation,0.015,-0.13854098680023158,0.8716666666666667,increases,ghz_indep_16q
1.1,teleportation,0.02,0.08368364446114862,0.8266666666666668,decreases,ghz_indep_16q
1.2,teleportation,0.001,-0.03461843046741838,0.8383333333333334,remains stable,ghz_indep_16q
1.2,teleportation,0.005,-0.09278718575872479,0.8383333333333334,remains stable,ghz_indep_16q
1.2,teleportation,0.01,0.031139435593043763,0.83,remains stable,ghz_indep_16q
1.2,teleportation,0.015,0.0625112008586872,0.8483333333333333,remains stable,ghz_indep_16q
1.2,teleportation,0.02,-0.13168869888873386,0.88,increases,ghz_indep_16q
1.0,teleportation,0.001,-0.012514067929486132,1.125,increases,wstate_indep_11q
1.0,teleportation,0.005,-0.019915111357259967,1.153333333333333,decreases,wstate_indep_11q
1.0,teleportation,0.01,0.030156833943575972,1.0683333333333331,increases,wstate_indep_11q
1.0,teleportation,0.015,-0.017521052621408396,1.1383333333333332,increases,wstate_indep_11q
1.0,teleportation,0.02,-0.0008990449563458791,1.1,decreases,wstate_indep_11q
1.1,teleportation,0.001,0.0614260190927331,1.1833333333333331,increases,wstate_indep_11q
1.1,teleportation,0.005,0.002065145414741435,1.115,increases,wstate_indep_11q
1.1,teleportation,0.01,-0.05390753034928044,1.0683333333333331,decreases,wstate_indep_11q
1.1,teleportation,0.015,0.020136592224604954,1.1033333333333333,decreases,wstate_indep_11q
1.1,teleportation,0.02,-0.08725868684966077,1.0783333333333334,decreases,wstate_indep_11q
1.2,teleportation,0.001,0.029495332674382247,1.1466666666666667,increases,wstate_indep_11q
1.2,teleportation,0.005,0.009222535664183218,1.1233333333333333,increases,wstate_indep_11q
1.2,teleportation,0.01,0.021634714338722088,1.1083333333333334,decreases,wstate_indep_11q
1.2,teleportation,0.015,0.009473820729676646,1.1483333333333332,remains stable,wstate_indep_11q
1.2,teleportation,0.02,0.013138169341363616,1.1283333333333332,increases,wstate_indep_11q
1.0,teleportation,0.001,0.07787089783509409,1.1666666666666667,increases,wstate_indep_16q
1.0,teleportation,0.005,-0.0518366346611798,1.1216666666666668,increases,wstate_indep_16q
1.1,teleportation,0.001,0.04365295060636664,1.2083333333333333,decreases,wstate_indep_16q
1.1,teleportation,0.005,-0.03590929075120112,1.1533333333333335,increases,wstate_indep_16q
1.2,teleportation,0.001,-0.0019753297595415317,1.1500000000000001,remains stable,wstate_indep_16q
1.2,teleportation,0.005,-0.007514995594611886,1.2080000000000002,increases,wstate_indep_16q
1.0,cat,0.001,-33041794189187.184,0.5817461243724905,remains stable,combined
1.0,cat,0.005,-23896895853696.668,0.588862810022552,decreases,combined
1.0,cat,0.01,-12257539114839.39,0.5785396559510995,increases,combined
1.0,cat,0.015,-33888837749020.934,0.5768622015949156,decreases,combined
1.0,cat,0.02,-90462986063446.6,0.5702067184594917,remains stable,combined
1.0,teleportation,0.001,-55499495289888.01,0.5612786481475335,decreases,combined
1.0,teleportation,0.005,-85408268272208.58,0.5658778310681211,remains stable,combined
1.0,teleportation,0.01,-60364804051957.32,0.564120926903491,decreases,combined
1.0,teleportation,0.015,-33689253144285.188,0.5533482322050663,decreases,combined
1.0,teleportation,0.02,-38605932323205.0,0.5556573772515428,decreases,combined
1.1,cat,0.001,-0.5649473685642582,0.5822187232334232,remains stable,combined
1.1,cat,0.005,-321793786995746.4,0.5865522406245661,decreases,combined
1.1,cat,0.01,-13520852381629.016,0.5722493728973413,decreases,combined
1.1,cat,0.015,-98444746299873.73,0.5779309713898662,decreases,combined
1.1,cat,0.02,-85578377727367.3,0.5792253111052451,remains stable,combined
1.1,teleportation,0.001,-151851880745475.78,0.5678276706265794,decreases,combined
1.1,teleportation,0.005,-58598331723106.6,0.5718406147388285,decreases,combined
1.1,teleportation,0.01,-54124519605582.305,0.5626551877962379,increases,combined
1.1,teleportation,0.015,-59487665997293.6,0.5530514644498169,decreases,combined
1.1,teleportation,0.02,-167464524371146.03,0.5554170791689687,decreases,combined
1.2,cat,0.001,-7820204004116.778,0.5852215006560317,decreases,combined
1.2,cat,0.005,-14700899663408.164,0.5826748620798062,decreases,combined
1.2,cat,0.01,-23231683323704.223,0.577126113741654,decreases,combined
1.2,cat,0.015,-41633276555247.695,0.5833320057454908,decreases,combined
1.2,cat,0.02,-100983940031648.77,0.5822951917202972,decreases,combined
1.2,teleportation,0.001,-78961581888702.94,0.564670575251383,decreases,combined
1.2,teleportation,0.005,-133893866533142.23,0.577214352330182,increases,combined
1.2,teleportation,0.01,-343370611188990.25,0.5614984466792424,decreases,combined
1.2,teleportation,0.015,-187307480795756.06,0.5536601111175316,decreases,combined
1.2,teleportation,0.02,-37359982635232.695,0.5557790208058204,decreases,combined
